external_row_id,prediction_category,true_label,roberta_prediction,roberta_probability_real,title,excerpt,word_count,punctuation_count,Naive Bayes_prediction,Logistic Regression_prediction,Random Forest_prediction
391,true_negative,0,0,1.216095e-05,KENTUCKY's JOHN CALIPARI HOLDS BACK TEAM IN FAVOR OF DE'AARON FOX,"Kentucky Wildcat Coach John Calipari put the rest of the team on notice: ""Guys are you watching this game? Good. Then you know we're playing through De'Aaron Fox. The rest of you take a back seat.""  Fox showboated his way through the game, leaving the rest of the team without much to do during their game with UCLA at the FedEx Forum. Calipari kept instructin",120,24,0,0,0
475,true_negative,0,0,1.22177835e-05,DEMI LOVATO TAKES AIM AT HER TEEN FANS ON 'THE TONIGHT SHOW',"Demi Lovato appeared on Jimmy Fallon's Tonight Show and did a complete roast of her teen fans. Lovato dressed in a sequinned top, pigtails, and pretended to make out with a pillow with fellow singer Ed Sheeran's face on it. During Lovato's act, Fallon responded by kissing a pillow featuring Extra's Mario Lopez.",65,12,0,0,0
100,true_positive,1,1,0.9999896,Judge rejects Stein's request for hand recount in Wis.,"MADISON, Wis. - Green Party candidate Jill Stein paid $3.5 million Tuesday to clear the way for Wisconsin's presidential vote recount but had a judge reject her lawsuit to require all Wisconsin counties to do the recount by hand.

Dane County Circuit Judge Valerie Bailey-Rihn said the effort to force the hand recount, which was backed by Democrat Hillary Cli",136,20,1,0,0
119,true_positive,1,1,0.9999895,6-year-old got gun at LA-area school; families kept in dark,"RANCHO CUCAMONGA, Calif. -  Authorities learned a 6-year-old brought a gun to an elementary school outside Los Angeles, but parents of other students didn't learn about it for nearly two weeks.

The student's grandmother found the firearm in his backpack earlier in March. The Sun newspaper reported (goo.gl/3spf8z) that the child said he received it from anot",85,22,0,0,0
390,false_positive,0,1,0.99998903,"Ellison: Democrats ""gloating"" over Republican misfortunes","Washington (CNN) Democratic lawmakers say they are ""gloating"" over their Republican counterparts' failure to repeal Obamacare, Rep. Keith Ellison said Monday. Speaking on CNN's ""New Day"" with Chris Cuomo, the Minnesota Democrat and deputy chairman of the Democratic National Committee said he and his party find it hilarious that Republicans still expect them ",108,23,0,1,0
389,false_positive,0,1,0.9999877,State Department relaxes travel restrictions for certain foreigners.,"Washington (CNN) Secretary of State Rex Tillerson sent out a memorandum today to various worldwide embassies directing them to ease restrictions on foreigners' ability to travel.  Specifically, they have been asked to cease the screening of applicants' social media accounts and limit background checks to include known terrorists.  This action seems to be in ",109,17,1,0,1
221,false_negative,1,0,1.25687e-05,This Teacher Has Personalized Handshakes For All 40 Of His Students,"A 5th grade teacher in Charlotte, North Carolina knows education alone isn't necessarily enough to get his students excited for class. So he's using personalized handshakes instead. 

Barry White Jr., an English teacher at Ashley Park PreK-8 School, gives personalized greetings (most of which are intermingled with dance moves) to all 40 of his students. News",86,14,0,0,0
48,false_negative,1,0,1.2702817e-05,Alex Jones Apologizes for Promoting 'Pizzagate' Hoax,"Alex Jones  a prominent conspiracy theorist and the host of a popular right-wing radio show  has apologized for helping to spread and promote the hoax known as Pizzagate. The admission on Friday by Mr. Jones  the host of ""The Alex Jones Show"" and the operator of the website Infowars  was striking. In addition to promoting the Pizzagate conspiracy theory  he ",185,17,0,0,1
