true_label,prediction,probability_real
1,1,0.9779177938244656
0,0,0.022572190355554134
1,1,0.9402470470951584
1,1,0.9781861477890821
1,1,0.8033821353070356
1,1,0.9786348478861484
1,1,0.9847127865946896
1,1,0.9480625534336289
0,0,0.008204480931062559
1,1,0.9608243476111111
1,1,0.9075773292423956
1,1,0.9563258091698867
0,0,0.022038315640865124
0,0,0.08871944593986457
1,1,0.9303149426038126
0,1,0.5450161132033123
1,1,0.9907691566939261
1,1,0.9780930127093712
0,0,0.09248180026671957
1,1,0.9858743012876424
1,1,0.9632323146180293
0,0,0.06283005166170796
1,1,0.978205049297204
1,1,0.9147824502532499
0,0,0.001222982498378877
0,0,0.038862778082778486
1,1,0.877295116882935
0,0,0.0010922250684625447
1,1,0.951752690087204
0,0,0.026699801627046042
1,1,0.9163337483411836
0,0,0.043123253939348655
1,1,0.9873651280870773
1,1,0.8614308903370576
1,1,0.6189990344317942
0,0,0.06169408873844808
1,1,0.9039831111945801
1,1,0.9835474076723965
0,0,0.02146616573476698
1,1,0.9358352428247739
0,0,0.20663072994301396
0,0,0.018905836452636497
1,1,0.9454704225222387
1,1,0.9637191629163514
1,1,0.9760576837622923
1,1,0.9578605782231376
1,1,0.9791192123424837
1,1,0.9649109330700597
1,1,0.9869684661313981
1,1,0.965804931764005
0,0,0.011487199795092325
1,1,0.9789170969893296
0,0,0.056947806621007804
0,0,0.056724891126670965
1,1,0.9851242676322535
0,0,0.04475781060855183
1,1,0.9907193077488048
1,1,0.9352553543819503
1,1,0.973703499468356
0,0,0.06019841212120446
0,0,0.0029113834122289697
1,1,0.9309596560005362
0,0,0.05442663875943329
1,1,0.9417477776782309
1,1,0.9445025905130617
1,1,0.8117495512386808
1,1,0.9842618293677546
1,1,0.9555146286906312
1,1,0.963427328070468
0,0,0.028326440058038357
1,1,0.8468682691891637
0,0,0.033119025851452655
0,1,0.5100284296476087
1,1,0.9823430756846225
1,1,0.9899100635381004
0,0,0.18718139486003663
1,1,0.9216912160542495
0,0,0.17462196731226148
1,1,0.9474344003959257
0,0,0.0119709863508999
0,0,0.0434767572199827
0,0,0.09359266741694533
1,1,0.9943882519679906
1,1,0.9693956998424605
0,0,0.03229736888058165
1,1,0.9072805732352486
1,1,0.9679642267395471
1,1,0.9782033829161079
0,0,0.11394739518421805
0,0,0.003092202117194812
1,1,0.9793332375452366
1,1,0.9787135518382797
0,0,0.0028667894389452935
0,0,0.038308261712969666
1,1,0.7173090259968843
1,1,0.993846625904889
1,1,0.9720840017272765
1,1,0.9675741209834292
0,0,0.19259273157506862
1,1,0.9597152348976398
0,0,0.013595410331330833
0,0,0.04565528392924191
1,1,0.8760513108536677
0,0,0.018483033849130734
0,0,0.3161041958812461
1,1,0.9300379336512413
1,1,0.6172421989067396
0,0,0.004415757512726972
1,1,0.9843768521744715
1,1,0.9735376504722476
0,0,0.16292958766884524
1,1,0.9051100349572619
0,0,0.03046932991049158
1,1,0.9286993571828714
0,0,0.10891375463609768
1,1,0.8959355483674734
1,1,0.9952791884165811
1,1,0.9681528073236985
0,0,0.016524493145905095
1,1,0.9780177783620403
0,0,0.26928265622073244
1,1,0.9700277645128201
0,0,0.010047942725406775
1,1,0.9808636499203918
0,0,0.0014481988424926615
1,1,0.9908920895171959
0,0,0.0011630143512171838
1,1,0.9786711315024619
0,0,0.0018376028682043377
0,0,0.012218505968227704
1,1,0.9348397224037601
0,0,0.010477357819840018
0,0,0.023919439948589805
0,0,0.015923145371261337
1,1,0.9768823201481139
0,0,0.013777471310812195
1,1,0.9475998242404422
1,1,0.8751245025138673
1,1,0.9544674220598027
0,0,0.05126886359129286
0,0,0.1240487076222223
1,1,0.9944070482311749
1,1,0.7326860553310219
1,1,0.9578147820888397
1,1,0.9744928344534239
0,1,0.7430419457535187
0,0,0.45989271204748394
0,0,0.005775047790465375
1,1,0.9086914710060962
0,0,0.0013751759000887717
1,1,0.9071445877833726
0,0,0.06241741664692111
1,1,0.9719606921081826
1,1,0.9396384873496855
1,1,0.952609243296121
1,1,0.9590569527334419
0,0,0.031447042326229746
1,1,0.9300016035222187
1,1,0.99514660354973
1,1,0.9697237294430531
1,1,0.9871186567019228
1,1,0.9577379284446912
0,0,0.14508633314689107
0,0,0.04531745794052723
1,1,0.9886600722453671
1,1,0.9315325132544309
0,0,0.0048848761413705566
1,1,0.980761023743674
0,0,0.0008314541518451765
1,1,0.8160753266815893
0,0,0.07194859424333729
1,1,0.9961768068365593
1,1,0.8787653639010611
1,1,0.8688682227406749
1,1,0.9540538405572441
0,0,0.25083497720823017
1,1,0.9230886083332195
1,1,0.9711900938046432
0,0,0.0226374009554981
0,0,0.0011726631717049088
0,0,0.29767606534771013
0,0,0.12287061715347226
0,0,0.028997354150942036
0,0,0.11719035727034179
0,0,0.003035137691648626
0,0,0.19551602077296903
1,1,0.9824891762390671
1,1,0.8802237878860354
1,1,0.8580130938179673
0,0,0.1824726316013582
1,1,0.9777083124079201
1,1,0.9106353837029726
1,1,0.9438846404438928
0,0,0.19922330855552986
1,1,0.9817909749244398
1,1,0.9871890684994413
0,0,0.02486121102192503
1,1,0.986840738471209
0,0,0.001664469209728924
1,1,0.9630965047772905
1,1,0.9683692248730735
1,1,0.9914187744351646
0,0,0.005862958976596786
1,1,0.9733208543984658
0,0,0.038853416066506316
0,0,0.015909076781146773
0,0,0.08979320858309947
0,0,0.01955798703997572
1,1,0.5077060659598175
0,0,0.07426194343269359
1,1,0.9928281476948209
1,1,0.9478409329625973
0,0,0.003907430488687363
0,0,0.017695165986020295
1,1,0.8166217709635513
1,1,0.9819443707821361
0,0,0.006387665221673658
0,0,0.3853657869032978
1,1,0.9774208798792065
0,0,0.09295311668434604
1,1,0.936109027304746
0,0,0.014062676948009332
0,0,0.06698893001244317
0,0,0.03741923702980254
1,1,0.9908286959145869
0,0,0.0970572619818791
1,1,0.9250387463255492
0,0,0.017090794585169242
0,0,0.009489956912524192
0,0,0.01202683991691768
1,1,0.9392690331003329
1,1,0.9752038799027081
1,1,0.9874788653004523
0,0,0.1236245414608189
1,1,0.9878444892414248
1,1,0.9784360911783383
0,0,0.12008920071621683
1,1,0.9769450220695867
1,1,0.9945622254260412
0,0,0.15551062935723173
1,1,0.9968797624407488
1,1,0.9733370549997852
0,0,0.06477013059849647
0,0,0.001320314268684922
1,1,0.9620282335645809
1,1,0.8758984008200139
1,1,0.9587926365629613
0,0,0.010302275724811754
1,1,0.9346666562739752
1,1,0.9938358796914845
1,1,0.9784332025726395
1,1,0.9286846069352128
1,1,0.9961377774425008
1,1,0.9804024462595854
0,0,0.05282242006379643
0,0,0.018273543515546352
0,0,0.1280836102226075
0,0,0.15776837460843537
1,1,0.9984060234521431
1,1,0.978848662741944
1,1,0.9765344416047674
1,1,0.9979590981842276
1,1,0.9716187103027981
0,0,0.002955893711892785
1,1,0.9839502768908289
1,1,0.9803156389047498
1,1,0.9807146179282756
0,0,0.0009963685130466799
0,0,0.013468862910001583
0,0,0.3780725465626496
1,1,0.9923702061210514
0,0,0.0179581472723024
0,0,0.21980096997395077
1,1,0.9553418375853261
0,0,0.0841353664586972
1,0,0.47935742044013036
1,1,0.9686749197884617
1,1,0.8943992870526833
0,0,0.17873995004522877
0,0,0.007074634458589562
0,0,0.043271402776299504
0,0,0.01951251366228271
1,1,0.9446541913039194
1,1,0.9690256599788856
1,1,0.9945602144250671
0,0,0.02752282572056544
1,1,0.945560404625033
0,0,0.004457300275651355
0,0,0.09635705268016229
1,1,0.926738720293863
1,1,0.8292717093020929
0,0,0.08808066744729445
1,1,0.9447719862457119
0,0,0.053586609253124
0,0,0.03662756417985567
0,0,0.08284940649379652
1,1,0.8859209933812883
0,0,0.3519575431155439
1,1,0.9765129371899939
1,1,0.8861165868298794
1,1,0.9803304836611834
1,1,0.9351384319908461
1,1,0.983426512003371
1,1,0.9890329414687156
0,0,0.00617994711065787
0,0,0.17798480858052665
1,1,0.9223962550226515
1,1,0.9768333239434586
0,0,0.03671558302845804
0,0,0.027627501485443396
0,0,0.0005066251047827786
1,1,0.9929275067890949
0,0,0.019143327014288402
0,0,0.02916589413022113
1,1,0.945373784874158
1,1,0.96738318522721
1,1,0.8639290936840818
0,0,0.1050704357060522
1,1,0.9467310496409391
0,0,0.3648215352999865
0,0,0.0024158297387101737
1,1,0.9754790550687076
0,0,0.08506053869514466
0,0,0.09994450579319324
1,1,0.9813533112700671
1,1,0.8784558543054646
0,0,0.025753117307098485
0,0,0.15914138438504027
0,0,0.061666281658236476
1,1,0.9582226284543843
0,0,0.021012764578046884
1,1,0.9848029095547984
0,0,0.007207297743475025
1,1,0.9701044887753417
0,0,0.05968355301279363
1,1,0.9895927269598304
1,1,0.9845024841855505
1,1,0.9339602756061923
1,1,0.8176391418841766
0,0,0.03014861450372071
1,1,0.9927847314424052
1,1,0.9706755221788713
0,0,0.014282142580654775
0,0,0.29856508365277795
0,0,0.05221432699487583
0,0,0.01635563155821716
1,1,0.9472542938826352
1,1,0.9805457209728836
0,0,0.038243461785798384
0,0,0.28549815824148683
1,1,0.9908468246660865
1,1,0.9713308160774952
1,1,0.9632514399700397
1,1,0.8862103639107372
0,0,0.032965142140614107
1,1,0.9447222209686803
0,0,0.038684338087874824
0,0,0.03360018624112582
0,0,0.040707891493232444
1,1,0.9343492898594692
0,0,0.01932046262674699
0,0,0.013868446125174391
1,1,0.9721779333329617
0,0,0.010291581937013789
0,0,0.01778294471745129
0,0,0.07148387652946128
1,1,0.9918341452946666
1,1,0.927270965167298
1,1,0.9484086394711589
1,1,0.8260179116541164
1,1,0.9929715528437827
1,1,0.9909855040150845
1,1,0.9889715795584209
1,1,0.598114194820329
1,1,0.9603003593424665
1,1,0.9867774154007366
1,1,0.9533769816205823
1,1,0.9921646318913453
0,0,0.013655342878078314
0,0,0.03893926310861516
0,0,0.018156751890392696
0,0,0.006565983555444928
1,1,0.8873134288216457
0,0,0.061488497115922344
1,1,0.988843802202194
0,0,0.03488961745404511
0,0,0.009266348157083357
1,1,0.909645823183868
0,0,0.011822043085718457
1,1,0.9721333232002142
1,1,0.9325401347971694
1,1,0.9287668399235313
0,0,0.014820728601484357
1,1,0.969598379463052
0,0,0.43472745983613703
0,0,0.004191857247359525
1,1,0.9639182115933129
1,1,0.9584934636350888
1,1,0.978744622242935
0,0,0.0036593406737134163
1,1,0.9400652365841018
0,0,0.012116820559192554
1,1,0.9727564994351946
1,1,0.9631683892096967
1,1,0.9913379423766822
1,1,0.9367731673127695
1,1,0.743515195287075
0,0,0.04637021177553364
1,1,0.9581110637794839
0,0,0.35671506787913065
0,0,0.011411206966320338
1,1,0.9784547705968442
1,1,0.9964481377410971
1,1,0.9324843739424108
1,1,0.8352083878059791
0,0,0.06670958436407377
1,1,0.9893585542147026
1,1,0.9668499742205982
1,1,0.896396490498071
0,0,0.07804604632118183
0,0,0.037620431283603775
1,1,0.9941418639140007
0,0,0.027591625491516242
0,0,0.20570220764981634
0,0,0.025337895970220042
0,0,0.053926495777466305
1,1,0.9348070587657683
1,1,0.87080817056695
0,0,0.09933148740082394
1,1,0.9821766516638265
1,1,0.9851660270503598
0,0,0.059674111211546206
1,1,0.822083951258876
0,0,0.017631609051254365
1,1,0.9844352059280439
1,1,0.9506228086964286
1,1,0.9694251121399701
1,1,0.9708357404485961
0,0,0.10532558477968537
1,1,0.9031803304370362
1,1,0.9883678142212323
0,0,0.0024532258054185746
0,0,0.0031767632213370476
1,1,0.9880804627202012
1,1,0.9130831160312515
1,1,0.962545986124807
0,0,0.08505938606528786
0,0,0.13818986585686735
0,0,0.011646739897615103
1,1,0.9673207801830104
1,1,0.8733480278698234
1,1,0.9502024254482995
1,1,0.8833478505089543
1,1,0.9571304192015535
0,0,0.012514848284165579
0,0,0.3740072869857424
0,0,0.010415053879626178
0,0,0.033732996760849156
0,0,0.0054820775550100545
0,0,0.040046324194401364
1,1,0.9068316517072297
0,0,0.0027890638780522126
0,0,0.002231176167479009
0,0,0.09202175178970208
1,1,0.9224120883256216
0,0,0.0013692558986926
1,1,0.9392577491206646
0,0,0.018091582065033546
1,1,0.952873261494361
1,1,0.9824217826834428
1,1,0.9662002247104042
1,1,0.9600595522314682
1,1,0.9551958208044048
1,1,0.9201624638012974
0,0,0.004199218882251975
0,0,0.016898222991289034
1,1,0.8799350606323486
0,0,0.03112429901181313
0,0,0.020172784779975146
1,1,0.9297446219682212
0,1,0.5152151059735667
1,1,0.9782896883137523
1,1,0.9677652898802683
1,1,0.9820721229659626
1,1,0.7885659232762958
0,0,0.07066089243652243
0,0,0.008217105844590808
0,0,0.14790184354877522
1,1,0.991528941488328
1,1,0.9917649140965005
1,1,0.758517391668204
1,1,0.9435347403291612
0,0,0.12655554593098567
0,0,0.00359050118444166
0,0,0.009330900305021232
1,1,0.9940873857523574
0,0,0.06399695791747599
1,1,0.9300524643598099
1,1,0.8909975587581476
1,1,0.9486838091505574
1,1,0.857081125930619
1,1,0.9968117594068403
1,1,0.9949569868785795
0,0,0.04270620834771098
1,1,0.9780611524685876
1,1,0.9419892054371579
1,1,0.8966598367945718
0,0,0.20853899680814214
1,1,0.9292391447668515
1,1,0.95534482395097
1,1,0.9257543795773221
0,0,0.013356211707801342
0,0,0.02944415964336134
1,1,0.9595618123468473
0,0,0.018331622696687453
1,1,0.9545575545001039
1,1,0.9648802464775058
0,0,0.030359260120847
1,1,0.9775420130199818
0,0,0.008067351318973378
1,1,0.953511253133987
0,0,0.0035435390913215684
0,1,0.5412068284131357
1,1,0.9857425594765342
1,1,0.9351520881836042
1,1,0.9880008731498015
1,1,0.9710270939085806
1,1,0.8882751051213544
0,0,0.012870078714824889
0,0,0.02506644647249344
1,1,0.8859423287490655
1,1,0.6551796701488264
0,0,0.03935213701527531
0,0,0.01304047523137205
1,1,0.9699015325540742
0,0,0.04810896888704053
1,1,0.9757670119374962
0,0,0.011201358158490148
0,0,0.038115307119020364
0,0,0.041151683295250756
0,0,0.0356109037482093
0,0,0.005526080396939555
0,0,0.08610064283643011
1,1,0.9941120992373914
1,1,0.9512325115176513
0,0,0.004526717787566426
1,1,0.7803126025098737
1,1,0.904274064675185
1,1,0.9556233785485222
1,1,0.9718439790594294
1,1,0.9488442906905068
1,1,0.9863978655461344
0,0,0.005497041122637139
0,0,0.047265388703298515
1,0,0.4229256087973286
1,1,0.9929249121598764
0,0,0.0744635948797804
0,0,0.047879061134143724
0,0,0.046660435132458905
1,1,0.9837864466773859
1,1,0.9929067712559323
0,0,0.06758137669018353
0,0,0.058962865529836914
1,1,0.9803018609054917
1,1,0.8061309349541109
1,1,0.9785635547367426
1,1,0.9886412764808188
0,0,0.0035799378062079
1,1,0.9918800777672578
0,0,0.02131140719084515
1,1,0.9682836982727471
1,1,0.969004327633741
0,0,0.0318074809422875
1,1,0.9421143670844013
0,0,0.010453229857439053
0,0,0.0036831773382671818
1,1,0.9922621011107803
1,1,0.9777520365898329
1,1,0.9805469452402362
1,1,0.9826744988738555
0,0,0.07929484572919754
0,0,0.11712423656446125
0,0,0.01019155898190203
1,1,0.9291790997170755
0,0,0.003981689250769731
1,1,0.9535537253010841
0,0,0.10112498206684704
0,0,0.07990552277231128
0,0,0.0676955233889925
1,1,0.9726092984998597
1,1,0.9904011934018004
1,1,0.975714249000008
1,1,0.9396798261661935
1,1,0.9226350731309824
1,1,0.9912925368409162
1,1,0.9469037714500284
0,0,0.030051534037033888
1,1,0.8049718638623607
0,0,0.016537797437175657
0,0,0.11236812166329475
0,0,0.03715505716816063
0,0,0.37815245903408673
1,1,0.9898510736351186
1,1,0.9079467321393568
0,0,0.0835708026082429
1,1,0.9477573845738502
1,1,0.990519167567019
1,1,0.9493887036146867
1,1,0.9751556983483782
0,0,0.0645478733500055
0,0,0.007917731479085251
1,1,0.987498362237301
0,0,0.01142827510455563
0,0,0.007316389266170776
1,1,0.894477058092662
1,1,0.9315588382027289
0,0,0.08827785411680726
1,1,0.8741766844381724
1,1,0.9414396602226055
0,0,0.20070693632932785
0,0,0.2277162607148995
1,1,0.9358389920891882
0,0,0.05597122837544293
0,0,0.03635633381790718
1,1,0.9656904416969396
1,1,0.994425746446888
1,1,0.9936567566680199
1,1,0.9961873178054116
0,0,0.006072412110076582
1,1,0.9690920955120182
1,1,0.9563593067201279
1,1,0.9978403395241949
1,1,0.9894418650097572
0,0,0.36620711917285426
0,0,0.042440768838485986
1,1,0.9434527380589082
0,0,0.025616943810114395
1,1,0.9952458051159858
0,0,0.002130820419622835
1,1,0.9704051943285912
0,0,0.006433528317629442
0,0,0.047042128972577445
1,1,0.9703626321905727
0,0,0.05985692538917952
1,1,0.9927725733151558
0,0,0.3636512732794602
0,0,0.0020989180684515543
0,0,0.025885793271565673
1,1,0.9655009306488948
1,1,0.9553876685288094
1,1,0.7638871822630899
1,1,0.6130416651107405
1,1,0.9740891576442459
1,1,0.9891091620044958
1,1,0.9777738593627355
0,0,0.047480734900617126
0,0,0.049360801418929005
0,0,0.027530750092030803
0,0,0.06351184840988702
1,1,0.8773174537624167
1,1,0.990426119840474
1,1,0.9603518667432133
1,1,0.9944947180208427
1,1,0.928692370745051
0,0,0.03149568522224976
0,0,0.0464391263760772
0,0,0.09768611159704989
0,0,0.1102091154978585
0,0,0.04682349068567295
0,0,0.03655948640947421
1,1,0.9012411499876473
1,1,0.9722234212604421
0,0,0.0044071805254945595
0,0,0.09287692576735813
1,1,0.976007045071436
1,1,0.9869121839814126
1,1,0.9836432853795164
1,1,0.8667647147175522
0,0,0.06671969444815846
1,0,0.2734550563643976
0,0,0.021384478172320736
1,1,0.9223486551542703
0,0,0.009947291477916492
0,0,0.22938797117622184
0,0,0.04150218968534446
1,1,0.9844408685049634
1,1,0.9911184043516393
1,1,0.9114992055134531
1,1,0.9753069015801795
0,0,0.2080562108527833
0,0,0.09897977350659952
1,1,0.9297757895262668
1,1,0.9311215687520951
0,0,0.002841127590249284
0,0,0.0016895990808454952
1,1,0.9628771060178775
0,0,0.030747020319324823
0,0,0.046807553257977974
1,1,0.9365457713153885
0,0,0.0017779500983235294
0,0,0.03551465677131412
1,1,0.9437212973273694
0,0,0.008479248855476056
0,0,0.006561226431720102
0,0,0.0481853402495225
0,0,0.08566431072311011
0,0,0.014408318031348526
1,1,0.9752859257193909
0,0,0.061457582802378896
1,1,0.9773341584972318
0,0,0.009840222622238963
1,1,0.9400311051171414
0,0,0.03348206513487465
0,0,0.05540000383956436
0,0,0.04392033948710564
1,1,0.9245906399010994
1,1,0.9972379954638873
0,0,0.0012976561114975754
0,0,0.11317167564147748
1,1,0.9764359977929382
1,1,0.9392053150475205
0,0,0.1669499164649031
0,0,0.005705680424008644
1,1,0.9482962794002606
1,1,0.7509242929672213
1,1,0.919201446223685
0,0,0.0165844250694
1,1,0.7393683942392381
1,1,0.9694923506350165
1,1,0.990179780373974
1,1,0.9734226851634102
0,0,0.07459203948892433
0,0,0.06630758702705716
0,0,0.031885918193804874
1,1,0.7733541699993733
1,1,0.9771636685585061
0,0,0.07375922969529822
0,0,0.20535381808738679
1,1,0.9564953601762644
1,1,0.9945044972865407
1,1,0.808376016917863
0,0,0.004198900806597389
1,1,0.8084458196232284
0,0,0.021609536409148044
0,0,0.08701122515688187
1,1,0.723168253773748
0,0,0.05538606367381814
0,0,0.023823632903661733
0,0,0.01978326971129831
1,1,0.9330276712895387
1,1,0.9830412819214094
1,1,0.9835754989451037
0,0,0.0344096532836589
1,1,0.9833834073354487
0,0,0.03442052493466712
1,1,0.9617367620620549
0,0,0.010013940213514035
1,1,0.9963667772921484
1,1,0.9060061147985283
1,1,0.9812726261650825
1,1,0.9223934161935758
0,0,0.07372205882282687
1,0,0.3735185383042174
1,1,0.9906163578097413
1,1,0.921059388432554
1,1,0.8720319269936002
1,1,0.9845879002859088
1,1,0.9493784384213276
1,1,0.9864707050332389
1,1,0.9698601286517663
0,0,0.1661238527021153
1,1,0.9132269975910043
0,0,0.025260751844868947
0,0,0.08634485421421624
0,0,0.1731486532584958
0,0,0.02999133393307461
1,1,0.9904076410591479
0,0,0.016054664155968467
0,0,0.016163979421603573
1,1,0.9363598451014206
1,1,0.9278966895337327
0,0,0.19963093834537854
1,1,0.995678111177764
0,0,0.014800722809847523
0,0,0.03509539495909872
1,1,0.9924599216409663
0,0,0.46947283904948417
0,0,0.05800581008921524
0,0,0.007449576160645993
1,1,0.963463822433255
1,1,0.9121348392801792
1,1,0.9871420715400908
1,1,0.8511143791349757
1,1,0.9094580590078629
0,0,0.08730708346362823
0,0,0.019722361420058548
0,0,0.02650611323849734
0,0,0.016168396195320428
1,1,0.9869426368030928
0,0,0.012785044976517093
0,0,0.25893281965432624
0,0,0.014602265106783174
1,1,0.9767349098015139
1,1,0.9227684725735923
0,0,0.018093316857054176
0,0,0.07352608841968843
1,1,0.8821852655913675
0,0,0.10031119346770274
1,1,0.9410526613419541
1,1,0.9830638790276843
0,0,0.04995273469381116
0,0,0.033292784457828184
0,0,0.001142647100555875
0,0,0.09268040308630082
0,0,0.013515498695531411
1,1,0.9759404950380642
0,0,0.07041048003875285
0,0,0.1438504983824079
1,1,0.9961181348414355
0,0,0.004643275532345207
0,0,0.31782009612321505
1,1,0.9230262480587577
1,1,0.9027935276421282
1,1,0.9980671106526731
0,0,0.007403761151232189
1,1,0.9924699019738661
1,1,0.9826345869537738
0,0,0.009072890804621292
0,0,0.018754885862296015
0,0,0.04177091854933177
1,1,0.9744495652903062
1,1,0.9895056932143195
1,1,0.9944796403518715
0,0,0.05869384728963713
1,1,0.845143916461227
1,1,0.9924333182694385
0,0,0.014713159824580832
0,0,0.08402939635030587
0,0,0.04323658717205956
1,1,0.9345937012847457
1,1,0.7417934515637126
1,1,0.9672758177051628
0,0,0.02317294315389328
1,1,0.9957819276244139
1,1,0.9826579763125712
0,0,0.059340758719940614
1,1,0.9613997193837662
1,1,0.9788598593055388
1,1,0.8477165185404987
1,1,0.8915335999495424
1,1,0.8844651742583546
1,1,0.9660411839061613
1,1,0.8683173734208218
0,0,0.17970332883260057
1,1,0.9788998023032054
1,1,0.9216257425236503
1,1,0.9639195818657996
0,0,0.0029041933974571334
1,1,0.9929387561437142
0,0,0.08771594206702224
1,1,0.9823160527788107
1,1,0.9797863206454288
1,1,0.9895622477356442
1,1,0.9822021955340186
0,0,0.0034367312678824204
0,0,0.10177084798830013
1,1,0.9517576653276498
1,1,0.9561329798782623
0,0,0.014127336235362135
1,1,0.9515021324905862
1,1,0.9927261080267815
0,0,0.020748413802482928
1,1,0.9956142761117603
1,1,0.9871595719474451
0,0,0.04524913722693983
1,1,0.9703816522041827
0,0,0.10057703050667853
0,0,0.01961398470003129
0,0,0.0011982049414904898
0,0,0.035611611542523215
0,0,0.012776397002975691
0,0,0.03944490132571276
0,0,0.008716254198797117
1,1,0.8771545054377025
0,0,0.11694763891211775
0,0,0.014628547938092965
0,0,0.008054619667401295
1,1,0.9023054447402337
1,1,0.9914078868050329
0,0,0.005012397932107491
1,1,0.8253273799257413
1,1,0.9060392994963288
1,1,0.9422824680674073
1,1,0.9935609401934343
1,1,0.9826626388467633
0,0,0.02257642557548928
0,0,0.11440269727636665
1,1,0.9764270730952147
1,1,0.9884257917454579
0,0,0.02884853080061705
1,1,0.827707716285988
1,1,0.960245275638921
1,1,0.9866025309582354
1,1,0.9927599225641639
1,1,0.8438528398012729
1,1,0.9891481405786307
0,0,0.3062057216748832
1,1,0.9613462323184963
1,1,0.9811348873460232
1,1,0.9897815227891809
0,0,0.03309998368652812
1,1,0.985991757804704
0,0,0.1175391321728351
1,1,0.818060408367902
1,1,0.9607472330961723
0,0,0.06290527138909074
0,0,0.08071671543767571
1,1,0.9509127835607687
1,1,0.9672288081536651
1,1,0.9193173009771928
1,1,0.9762239748468852
1,1,0.8909018966411717
0,0,0.004894660621707045
0,0,0.013453997243875629
1,1,0.9950782553081243
0,0,0.01647511267564434
0,0,0.010824036356342383
1,1,0.9894483417983724
1,1,0.9042059453957609
0,0,0.038726033264170234
0,0,0.02238647782792177
1,1,0.9824521530902577
0,0,0.16869278664202667
0,0,0.06265572836590977
0,0,0.009624080624778396
1,1,0.9585522606185666
0,0,0.044324819207725207
1,1,0.9895047839625098
0,0,0.03870854957647688
0,0,0.004920718511933293
1,1,0.9656459990301915
1,1,0.8947970383854581
1,1,0.9908276775415356
0,0,0.027631484940927233
1,1,0.885170556918289
1,1,0.7322828722026009
0,0,0.005326832907443069
0,0,0.015901130566788445
1,1,0.9861059564022799
1,1,0.9852524373638182
0,0,0.009866378546385524
1,1,0.9793197441025336
1,1,0.9750402329783467
1,1,0.6359836029945659
1,1,0.9878716358258641
1,1,0.9768590381420399
0,0,0.0015899643094995346
0,0,0.1763192352526833
1,1,0.9627707729574615
0,0,0.06050895086002078
0,0,0.33813374982826944
1,1,0.9284725076419629
1,1,0.8610372422547631
0,0,0.1638145197323456
1,1,0.9608106046605132
0,0,0.04483090172894172
0,0,0.1022880504453606
1,1,0.9884980263506669
0,0,0.04509977733675517
0,0,0.10506798108046113
0,0,0.005635854221299702
0,0,0.005120005024230559
0,0,0.0074243506111163265
1,1,0.9185953368168489
1,1,0.97823448123816
0,0,0.07017804506064798
1,1,0.9756079740406379
1,1,0.9758885059138979
1,1,0.9807545189923298
1,1,0.8326987588074943
0,0,0.0010682293984083668
0,0,0.03175230816741938
0,0,0.005606564800741228
0,0,0.030626458213950925
1,1,0.9955545659902901
0,0,0.14684025508057866
1,1,0.9828897513442658
1,1,0.984265270678653
1,1,0.9335278427468152
1,1,0.9571581630115397
0,0,0.025601704222542113
1,1,0.9930358130852797
1,1,0.9546115452628243
1,1,0.9980700226303897
1,1,0.9837013200240351
0,0,0.006749880171349559
1,1,0.9521252072923008
1,1,0.9288426709984543
1,1,0.9722340884098314
1,1,0.8301835835807603
1,1,0.9638670278582959
0,0,0.002674768813959959
0,0,0.0016735731091769336
0,0,0.38683991498119497
0,0,0.009495519879957386
0,0,0.11915704037061219
0,0,0.03289406348463416
1,1,0.9949695848473572
0,0,0.012442328734936236
1,1,0.9880853190076583
0,0,0.10472753344702125
0,0,0.003501131360149945
0,0,0.017751935815035466
1,1,0.9572458121857812
1,1,0.9920889265927599
1,1,0.9935041082875121
0,0,0.05026676876786696
1,1,0.9657328640278058
0,0,0.003368506070241861
1,1,0.9733103197641694
0,0,0.001493043934952724
0,0,0.0018443176053399017
0,0,0.007103459224081723
0,0,0.0004788367406067322
0,0,0.09577269297392121
1,1,0.9963065697574118
0,0,0.01197992451932788
1,1,0.9285974405962248
0,0,0.01631816565468902
1,1,0.9061875449797049
0,0,0.006909732595783735
0,0,0.047296727091625405
0,0,0.04043985076829192
1,1,0.971595658012466
0,0,0.0403924889142149
1,1,0.9463490961796731
1,1,0.9414878978390585
0,0,0.03286099623251196
1,1,0.9815693036061063
1,1,0.9952036037599103
1,1,0.9048930690018374
0,0,0.0923866928171888
1,1,0.9861026650289543
0,0,0.006859152609768876
1,1,0.973716497163821
0,0,0.04996274883729541
1,1,0.9822770682027011
0,0,0.20659512807057753
1,1,0.9712784509825108
1,1,0.9850488857984974
0,0,0.21868738454561268
1,1,0.9857514678897957
0,0,0.010766835708759906
0,1,0.9878601716217734
1,1,0.9819145871640861
0,0,0.2577116510858424
0,0,0.007427543877195195
1,1,0.8586869982826534
0,0,0.01128627741869888
1,1,0.8121733552814338
1,1,0.9666099979290879
1,1,0.9791468507486766
1,1,0.9260513418299978
1,0,0.4122919894089419
1,1,0.8842061480135038
1,1,0.9796673007118303
0,0,0.27216369184634803
0,0,0.0027297314726468327
1,1,0.9767327625617565
1,1,0.9518701902614343
1,1,0.9891819587422667
1,1,0.9616448706755745
1,1,0.9871853823421184
0,0,0.1269604391616277
0,0,0.0020965279020308124
1,1,0.9735207662957687
1,1,0.9865299470551554
1,1,0.9059798686066981
1,1,0.8925731272790264
1,1,0.9937343949673749
1,1,0.9494761946240535
1,1,0.9843066644611081
1,1,0.9676081555902354
1,1,0.971591028591525
1,1,0.9141053130608353
0,0,0.025504726943664444
1,1,0.9727926781968137
1,1,0.9806453604538309
1,1,0.9727539824269179
0,0,0.001236658194893494
1,1,0.953792956331235
1,1,0.9889005239800391
1,1,0.9143675566914692
1,1,0.9226576374880178
1,1,0.9690812245469628
1,1,0.8896962965223624
1,1,0.8416057628621276
0,0,0.002690980948920115
1,1,0.9817935090189659
0,0,0.03204251092911684
0,0,0.03842543171283531
0,0,0.05745517054829818
1,1,0.8646569824008236
0,0,0.10758980919940146
1,1,0.9320794182718275
0,0,0.006154358954976636
1,1,0.8714419409040065
0,0,0.0294511500152144
0,0,0.007507339158102555
1,1,0.9685517090214605
1,1,0.9629571518493214
0,0,0.4481382256336901
0,0,0.10025041434089703
0,0,0.01579042736845407
0,0,0.02532194576546828
0,0,0.0024237890629478717
1,1,0.9511864586945651
0,0,0.004057507381777167
1,1,0.9940495479888123
1,1,0.971590707274724
0,0,0.028925680942515776
1,1,0.9686298547111236
1,1,0.99045053586815
1,1,0.7962241792841543
0,0,0.0030932452890906708
1,1,0.9455172552246135
1,1,0.9499055065165953
0,0,0.015536487912423012
1,1,0.8936567376888961
1,1,0.9960780877529074
1,1,0.9943787740653266
0,0,0.06166084132517381
1,1,0.9941799663266383
1,1,0.963595425026765
1,1,0.9691821131460766
1,1,0.9808505806519676
1,1,0.935899427346977
1,1,0.9891573082994891
1,1,0.972511977070121
1,1,0.9974017591014605
0,0,0.01811367714786532
1,1,0.9698208624873105
0,0,0.14791005118698122
1,1,0.9707616779414947
1,1,0.7773832356416219
0,0,0.21063934190730926
1,1,0.9307089396293622
0,0,0.39308966375771137
0,0,0.03720407497364488
1,1,0.7570405584612743
0,0,0.01645002933117874
1,1,0.9935283615521638
0,0,0.21317822975843104
0,0,0.06305010225223194
0,0,0.0059478000478162445
0,0,0.07534757246185793
0,0,0.026496554556768536
1,1,0.9657649616217988
1,1,0.8928874798977151
1,1,0.9225908582434506
1,1,0.7820814510691142
0,0,0.004688057076677011
0,0,0.027781527174271157
1,1,0.9897053210838581
0,0,0.012063481983557832
1,1,0.9626165598198394
0,0,0.08480177901493026
0,0,0.003443457243464786
1,1,0.9707185790782578
1,1,0.956369721859256
1,1,0.9639861024155286
0,0,0.005137327278995452
1,1,0.9214083170566971
1,1,0.9889040410295176
1,1,0.9748402212415719
1,1,0.9941172311987378
0,0,0.001290396877951788
1,1,0.9820593711579793
0,0,0.0238054456226717
0,0,0.011434787154399164
0,0,0.0014095245349860393
0,0,0.016665537134882284
0,0,0.05487887116289205
0,0,0.004476588963705086
0,0,0.005388374565904264
1,1,0.990059156564485
0,0,0.023876569359757138
1,1,0.9828732524689158
0,0,0.030072533611625245
1,1,0.9726906450213525
1,1,0.956279762617746
1,1,0.9639868249752979
0,0,0.003460723627360387
0,0,0.05503447870461286
1,1,0.9483057600933179
1,1,0.9868237779787472
0,0,0.045473211921278615
1,1,0.9126674592278596
1,1,0.96802943109756
1,1,0.9757934409042859
0,0,0.006937763862430915
0,0,0.021836505102844742
0,1,0.8091079537781858
1,1,0.9606284019893617
0,0,0.3415323560754761
0,0,0.027603182949820858
1,1,0.9589154022211436
0,0,0.005004911128167087
0,0,0.004364925659883082
0,0,0.02265118600236889
1,1,0.9642510284772358
0,0,0.008800400473353572
1,1,0.9105905068713743
1,1,0.9986362231171214
0,0,0.03555429352776977
0,0,0.022957070806184407
1,1,0.9633588442918999
0,0,0.008069234265732729
1,1,0.9770663056455533
1,1,0.8255480893826546
0,0,0.2750900626715454
1,1,0.9405775156514494
1,1,0.7278357455526683
0,0,0.03159386882954546
1,1,0.8287695612800758
0,0,0.004555003350006101
1,1,0.9047305304943793
0,1,0.6809129852535625
1,1,0.975759618342392
1,1,0.9412371046079354
1,1,0.9625849560378973
0,0,0.052315119566452295
1,1,0.9743366143291761
1,1,0.955871000670971
0,0,0.02967239204885791
1,1,0.9888607725170768
0,0,0.3863479127748713
0,0,0.13472209669897567
1,1,0.975625320575517
1,1,0.9803743263074084
0,0,0.006316407223911556
1,1,0.963489821599606
1,1,0.9330061075952734
0,0,0.010183554239220228
1,1,0.9942814588642547
0,0,0.05969490706629315
0,0,0.05278335050351151
1,1,0.8865487443382152
1,1,0.9724072002879195
1,1,0.9600833351696371
1,1,0.9584470832285206
1,1,0.9739008558421856
1,1,0.9754220741032893
1,1,0.9526003530609192
0,0,0.010649058697816583
1,1,0.950182209268582
1,1,0.9864684803304116
1,1,0.9781854385954919
1,1,0.9764571070180924
1,1,0.9335073164152997
1,1,0.806255495347611
0,0,0.013311461589040771
0,0,0.015568286422755623
1,1,0.9816187733152871
0,0,0.0010486845630704408
0,0,0.008235494223967953
1,1,0.9918021795096983
0,0,0.0026280290803131342
1,1,0.9987428847880736
1,1,0.9745252034842158
1,1,0.8645602180530102
1,1,0.9740724072238045
1,1,0.968901754460889
1,1,0.873228088914814
1,1,0.8100716093785385
0,0,0.006678338390244808
0,0,0.028418119617362916
1,1,0.943900102684642
0,0,0.001958893276463287
0,0,0.009498285584811346
1,1,0.8115283588794749
0,0,0.158413454033037
0,0,0.015265687627269112
1,1,0.9878495962175303
1,1,0.9537228250259299
1,1,0.9778027357273167
0,0,0.007681977639284483
0,0,0.05661308964168086
0,0,0.014036503543391218
1,1,0.9635136439777079
1,1,0.9222780890218975
1,1,0.8417464121392854
0,0,0.09075353644969177
0,0,0.16953275423654734
1,1,0.9937682875765887
1,1,0.9930241125726643
0,0,0.008584346876156754
1,1,0.9815574532779406
1,1,0.9085890093002809
0,0,0.00044627803866731223
1,1,0.8916693766400999
1,1,0.9942076808175496
0,0,0.022288535474773104
0,0,0.043285840660796375
1,1,0.9694220137849143
1,1,0.952678767312339
0,0,0.010614449137183162
1,1,0.9615338933515082
1,1,0.970493315382955
1,1,0.9782466859214429
1,1,0.9884812596506976
0,0,0.053998198247955036
0,0,0.12154908546629546
1,1,0.9453497108424467
1,1,0.9824724011905296
1,1,0.9618161380561652
1,1,0.9847160781921555
1,1,0.9808974662279399
0,0,0.15208967180210184
1,1,0.9982086267584467
1,1,0.9706168540520566
0,0,0.03059022661929528
1,1,0.8908282081074884
0,0,0.06379020892008805
1,1,0.8929581626225014
0,0,0.23482278737124135
0,0,0.07362878493237601
0,0,0.0050337184499659035
1,1,0.9500957320267223
0,0,0.038713453496812995
1,1,0.9220697974384442
1,1,0.8322960117303022
0,0,0.004513669011659373
0,0,0.018393961095818315
0,0,0.0057463879673389385
1,1,0.9564385552803611
1,1,0.992425867332098
0,0,0.23044513200466488
0,0,0.0743407813615616
0,0,0.1019849314019982
0,0,0.4824137249482876
0,0,0.00241027484853861
0,0,0.006134659420812137
0,0,0.06435040154828174
1,1,0.9827832277978917
0,0,0.11080058416826724
1,1,0.8894706797863179
0,0,0.0705174682947935
0,0,0.023322880732675397
1,1,0.9754296627433384
1,1,0.8944591531943296
1,1,0.9762010338066459
0,0,0.06765851108350479
1,1,0.9256137472748034
0,0,0.036179821102935425
1,1,0.983920715297738
1,1,0.9339858442192085
0,0,0.013001245198454192
0,0,0.023438829497610673
0,0,0.03586806501847297
1,1,0.9861616977799342
0,0,0.0035403204606379154
1,1,0.9828317687291561
1,1,0.9591391761562722
0,0,0.06692051794137076
1,1,0.9670773314379193
1,1,0.9950019401612841
0,0,0.012711193585943496
1,1,0.8961058341776789
1,1,0.9634864717369507
1,1,0.9350764685806383
0,0,0.013041253246156933
0,0,0.024637215228840877
1,1,0.9641546658899198
1,1,0.8447516687874321
1,1,0.9545799185061056
1,1,0.9660924785879165
1,1,0.9689315728205942
1,1,0.9946040837090245
0,0,0.0077137522934298715
1,1,0.595070201589182
1,1,0.9801588302342004
0,0,0.0734021754846787
1,1,0.9793536267026232
1,1,0.9891052096901041
1,1,0.9976245211511452
1,1,0.9641050692166933
0,0,0.0606874808916677
0,0,0.014347611699854402
1,1,0.9709854550032072
0,0,0.0028347336090947576
0,0,0.01036877197805403
1,1,0.9810168385623894
1,1,0.9856548789111469
1,1,0.9344795597160093
1,1,0.9824193608170331
0,0,0.1384761131699709
0,0,0.22686478487961254
1,1,0.9388161007392112
1,1,0.8729563619586946
1,1,0.8700962207862024
0,0,0.005317827637941585
1,1,0.9726249134292
1,1,0.9835482783287796
1,1,0.9885930804890231
0,0,0.016042967644943035
1,1,0.9740438020641154
1,1,0.872269252663564
1,1,0.9929935336342568
0,0,0.006425746929464259
1,1,0.9062037422986677
0,0,0.013700499857278002
0,0,0.06912218122952539
0,0,0.014490432319824971
1,1,0.9794638866779047
1,1,0.9979221276084889
0,0,0.024370492100813674
1,1,0.9931658319990248
1,1,0.9330668617199586
0,0,0.013419105786239722
1,1,0.9621712723851056
1,1,0.9556636249953286
1,1,0.9591082935986165
1,1,0.9353995539458263
1,1,0.9836317906763918
1,1,0.8067971202712431
0,0,0.055130773212119025
1,1,0.753130600232458
1,1,0.898480620993637
0,1,0.5973116005295372
0,0,0.16152623644604097
1,1,0.789716027439248
0,0,0.015053786123696716
1,1,0.9809923471238279
0,0,0.03041210776173555
0,0,0.007690978223957624
1,1,0.9862219817302491
1,1,0.9501641382685748
1,1,0.9751790468162123
1,1,0.9782627879606542
1,1,0.9616041610220455
0,0,0.060603484177682604
1,1,0.9858449673113694
0,0,0.007397378311028677
1,1,0.9899228566398179
0,0,0.004143092221942357
1,1,0.9851811375778791
1,1,0.9477204046279725
0,0,0.010292855822614407
0,0,0.005495540220650009
1,1,0.9984866032476153
1,1,0.9864205385052445
1,1,0.9859888933435359
1,1,0.857772655239324
1,1,0.9856933105150479
0,0,0.025215482471146224
1,1,0.9742068334360219
0,0,0.23944468964456636
0,0,0.002677481801079798
0,0,0.06821007729917905
0,0,0.1940276391665225
0,0,0.011674437404516468
1,1,0.9896513450558023
1,1,0.9364913745390425
0,0,0.005874536792769955
1,1,0.9154922963948444
0,0,0.00492570111834954
0,0,0.02658529257537317
0,0,0.05302116182260888
0,0,0.03861648741498012
1,1,0.9833512897905702
1,1,0.9800059835244582
1,1,0.9923288268507737
0,0,0.0016358732690669104
0,0,0.030636596248511977
0,0,0.03305116843234692
0,0,0.018203581075071418
1,1,0.9615180239692166
1,1,0.898147417967454
0,0,0.0047869857657078345
1,1,0.9670686966363058
0,0,0.22089062960396155
1,1,0.9903214052506241
1,1,0.8900982080520308
1,1,0.978500058101535
0,0,0.24230552319700405
1,1,0.9748948823839846
1,1,0.9921015697632873
1,1,0.9976643941489213
0,0,0.06596966509948889
1,1,0.8803155345946321
1,1,0.9389509880934371
1,1,0.9401607876671426
0,0,0.004500490918737954
0,0,0.0052559807398984614
1,1,0.9531433029580446
0,0,0.0031541200801457185
0,0,0.053842497927735294
0,0,0.06400726896831842
1,1,0.9492165132895718
1,1,0.9808072725156612
1,1,0.8702848459968908
0,0,0.0006269299351479169
1,1,0.9859004499339192
0,0,0.019965399378923256
1,1,0.9940372274560926
0,0,0.03650146424754697
1,1,0.8525084860298082
1,1,0.9563029616351236
0,0,0.022206697278740264
1,1,0.9870391746481239
0,0,0.0720113071470059
1,1,0.9632515713600808
0,0,0.048327462337399825
1,1,0.759055983668005
1,1,0.9575511995729662
1,1,0.9476932446629686
1,1,0.9915690601861789
1,1,0.9696713062652337
1,1,0.9567961977769283
0,0,0.2126724541136015
0,0,0.0565019860489941
1,1,0.9789289698801014
1,1,0.9498360046275311
0,0,0.009584918604170023
1,1,0.965840980042182
1,1,0.9414721942568628
0,0,0.09193626296045186
0,0,0.026562378296097366
0,0,0.022827784954485838
0,0,0.054881131973321395
1,1,0.965029835637886
1,1,0.9948195431087392
1,1,0.8731683126829648
1,1,0.955027432911317
1,1,0.9533296063607908
1,1,0.9935169483341935
0,0,0.009992664754194816
0,0,0.004251169117629838
1,1,0.9902355767316506
1,1,0.9983356286031487
1,1,0.9585195273504202
0,0,0.018885743913208807
1,1,0.9486671005101361
1,1,0.9472644338862274
1,1,0.9818921719062813
0,0,0.011138411341211647
1,1,0.9540531694883025
0,0,0.03800212767394647
1,1,0.6482469772396059
1,1,0.9837906611153698
1,1,0.954121750269559
1,1,0.9315883763481395
1,1,0.9282463069643544
0,0,0.00663428194338504
1,1,0.9648188786570066
0,0,0.05345287820481136
0,0,0.11664075816374612
0,0,0.05663285538783363
1,1,0.975515765196958
0,0,0.013942290796759323
1,1,0.9069484633107582
0,0,0.002484026543666113
1,1,0.9479700033698812
1,1,0.9974828596186763
1,1,0.9875636584547678
1,1,0.85741115314444
1,1,0.9342487508511088
1,1,0.987852982521484
1,1,0.957679648868784
1,1,0.9746014499470332
0,0,0.01092930982679716
0,0,0.011865114033575173
1,1,0.9724476587639549
0,0,0.011076126830646705
0,0,0.01001847188292939
1,1,0.9906098812581056
1,1,0.965937603912254
1,1,0.7359263044703956
1,1,0.9785318926274583
0,0,0.2438469030092771
0,0,0.026842522507872
1,1,0.9457721837796722
1,1,0.9079932859055718
1,1,0.9533459249085673
1,1,0.8620792119803862
1,1,0.9462825195042425
1,1,0.955388939178695
0,0,0.28372722261178995
1,1,0.9106352073116712
1,1,0.9849828417985328
0,0,0.002740913656776293
1,1,0.9408396270056353
0,0,0.2523353188666009
0,0,0.01786789759505832
0,0,0.021966739909744355
1,1,0.995998630952881
1,1,0.9726329119904377
0,0,0.1584227685617662
0,0,0.020405185528377306
1,1,0.9555025565674966
1,1,0.9057796573538579
0,0,0.036369536396030175
0,0,0.08710115698380295
0,0,0.2054222228879803
0,0,0.03698809659152514
1,1,0.9640205891386053
0,0,0.006924510921867735
1,1,0.9959695823228618
0,0,0.06139349400523425
1,1,0.9973587944672065
0,0,0.09638179718191851
0,0,0.112829527540574
0,0,0.02944741953463884
1,1,0.9411019344692613
1,1,0.9186829899894255
0,0,0.02088317931840829
1,1,0.9846563666933459
0,0,0.0812775030465927
1,1,0.914932598614827
1,1,0.9568861340767785
1,1,0.9515080193204848
0,0,0.016521535566822863
1,1,0.9133834335986738
0,0,0.005201426350013502
1,1,0.9193173009771928
0,0,0.0008906074079136077
1,0,0.4205376956734649
0,0,0.01227221597895989
0,0,0.04114438469950355
1,1,0.8172253098853545
1,1,0.9306363618072844
1,1,0.9849968350167356
0,0,0.016770484200658117
0,0,0.005455707460193479
1,1,0.9905094272751306
0,0,0.057273446943615795
1,1,0.9751696106567084
1,1,0.9593880951141845
1,1,0.9058707322195098
1,1,0.7884086487357126
1,1,0.9885504377919502
1,1,0.9422229905066598
0,0,0.0400873062702154
0,0,0.2797969058320778
1,1,0.8642223766350675
0,0,0.15152011057328343
0,0,0.01917362026107191
0,0,0.04589108216690045
1,1,0.9685546544984274
0,0,0.2719838004324518
0,0,0.0071344913754124144
1,1,0.9663620462869614
0,0,0.03346377104730639
0,0,0.0008438790277138514
1,1,0.9032886095855968
0,0,0.13667032451144184
1,1,0.9238884584316663
0,0,0.001268181691763226
0,0,0.024851983062835772
0,0,0.0717161692537158
1,1,0.9883437538689991
0,0,0.008549247204833991
1,1,0.9929879999875868
0,0,0.0361402265598654
0,0,0.19306808126786335
0,0,0.023990027542368265
1,1,0.9755619810437071
0,0,0.037147187881822974
0,0,0.001948369076877583
1,1,0.9853367736185579
0,0,0.02740242093819436
1,1,0.882706256303671
0,0,0.24852843146307443
0,0,0.19064117418550416
1,1,0.9597600069809781
1,1,0.9674982556384955
1,1,0.9443862885079547
0,0,0.1383378370907332
0,0,0.00874225522733776
1,1,0.9815341191137873
1,1,0.9833967065621146
1,1,0.977059303948187
0,0,0.024618469676174662
0,0,0.011595283493184767
1,1,0.9617427106359169
0,0,0.17272268213902875
1,1,0.9857187626175561
0,0,0.08910929273899988
1,1,0.9693622098289706
1,1,0.7075332374404965
1,1,0.9703933683561892
1,1,0.9476571204732538
0,0,0.028763065327711845
0,0,0.0034281789774107513
1,1,0.9632182723729893
1,1,0.9927808984906993
1,1,0.9954092633902192
1,1,0.9832436403891979
1,1,0.9106658444948541
0,0,0.014885646487073648
1,1,0.8050757163137422
0,0,0.03523957438003979
1,1,0.9181159994007534
1,1,0.9056691742648283
0,0,0.04600712535831781
1,1,0.9839079753817772
1,1,0.9948980060734781
1,1,0.9505998857724735
1,1,0.8679397203204642
1,1,0.9774041875634332
1,1,0.9786287863174852
0,0,0.08222418214446872
1,1,0.996688189819129
1,1,0.8881202506771555
0,0,0.018561178840120353
1,1,0.9286654094140904
0,0,0.010417287059245555
1,1,0.9886885533748703
0,0,0.00919330112214745
0,0,0.39749185147597826
1,1,0.989744955885001
1,1,0.8602510069809206
0,0,0.06483293498390968
1,1,0.9671822415256499
0,0,0.0061763305319888955
1,1,0.9790962510499883
1,1,0.9632544417471692
1,1,0.9791124018218471
1,1,0.9856286365077396
0,0,0.0034134418284398923
1,1,0.9806099413085461
1,1,0.9917092314901996
1,1,0.6111619015208036
1,1,0.8141385485552642
1,1,0.9673348235039542
0,0,0.0011877999098913509
0,0,0.025495517164370488
0,1,0.515383121917026
0,0,0.005375691540280908
1,1,0.968601866961644
0,0,0.06892040322992682
0,0,0.001335448170867128
1,1,0.9910740683948256
0,0,0.0124389931526199
1,1,0.9450952938561866
1,1,0.9952247602146577
1,1,0.9658708581083165
1,1,0.9019073902596948
1,0,0.49747500626482916
0,0,0.02383265043663674
1,1,0.9771599977451751
1,1,0.94343782719147
0,0,0.00590307734822649
0,0,0.010653912285218451
0,0,0.009438583550431895
1,1,0.977351507511887
1,1,0.9145568607773144
0,1,0.7760674764240433
1,1,0.9795431471997943
1,1,0.9303119421012238
0,0,0.0033447715801929326
1,1,0.9780110816049721
1,1,0.989916755124956
0,0,0.045440551896747255
0,0,0.005517078192475259
0,0,0.01781975909307025
0,0,0.01862490574736307
1,1,0.9637481936009246
0,0,0.14373583135357076
1,1,0.954809683691685
1,1,0.9868283218535564
0,0,0.12767167647740305
0,0,0.02989147697683369
1,1,0.9815663255437048
0,0,0.01635145395187875
1,1,0.9591536778484823
1,1,0.9851578653756426
0,0,0.07179680560067726
0,0,0.020210904305222727
0,0,0.054138833457482265
1,1,0.9389696256332267
1,1,0.7695601450821251
1,1,0.9233703830307364
1,1,0.9481926908098647
0,0,0.05686681685133925
1,1,0.9896959193838154
1,1,0.940954036836553
1,1,0.9510071849093662
0,0,0.003312736710241628
1,1,0.9885497046888954
0,0,0.12015083651564663
1,1,0.9698945174037769
0,0,0.26977182628516067
1,1,0.9373855038276738
1,1,0.9594271125805109
0,0,0.00930975356893364
0,0,0.004968173758977761
0,0,0.0037692190568911926
1,1,0.9970743878028029
1,1,0.9434599687992943
1,1,0.9937652326666607
1,1,0.9896059080531284
0,0,0.004071028971108312
0,0,0.006118885538504797
0,0,0.0292008133941201
0,0,0.008637412002201677
1,1,0.9741643580001095
0,0,0.017084796888903367
1,1,0.9887055408833841
1,1,0.9773396139031099
1,1,0.5314391404940199
0,0,0.009536965308358335
1,1,0.7129495821334256
0,0,0.016857730000667606
1,1,0.9510972918623243
1,1,0.9938028763314808
0,0,0.03525831025303222
0,0,0.004303247607796549
1,1,0.9622360458365258
1,1,0.9513076161662486
1,1,0.962342604587209
0,0,0.14415267223183062
1,1,0.8998967418685244
1,1,0.9610240643818168
1,1,0.998062724090612
1,1,0.9160772713869209
1,1,0.8370286454963457
1,1,0.9886683690221307
1,1,0.9920906437347227
0,0,0.016304188663572926
1,1,0.9500942134563429
0,0,0.03137238987344292
0,0,0.04837723148944185
0,0,0.011663271399767656
1,1,0.9991897793770655
0,0,0.007952369109563621
1,1,0.979245436699138
1,1,0.9781626344761465
0,0,0.09837589505568807
0,0,0.005688057688985832
0,0,0.006045284601148301
1,1,0.9086361233103512
1,1,0.9635211074547858
0,0,0.008027744836955411
1,1,0.9906158509783805
1,1,0.9658309620799449
1,1,0.973785889933304
0,0,0.0076861649609410365
0,0,0.03561987992820473
1,1,0.9825963877947632
0,0,0.01341639067201448
1,1,0.9458786203482425
0,0,0.3053632267981757
0,0,0.11401483026001709
0,0,0.05096830051448799
1,1,0.9653466557275248
1,1,0.8915191828796749
0,0,0.2577611370571465
1,1,0.9475471680378245
0,0,0.13940741181447938
1,1,0.929958441161499
1,1,0.9939066972676541
1,1,0.9800270077898463
0,0,0.014132737113269837
0,0,0.011488267658578234
0,0,0.0069477758154314374
0,0,0.12866509536041587
0,0,0.005321077855900026
1,1,0.946411403049977
1,1,0.9850164386548695
0,0,0.0023312877349158153
0,0,0.13672004601375526
0,0,0.01693463666415332
0,0,0.14985135734796606
1,1,0.9966908410928986
0,0,0.025276230513646466
0,0,0.0034982567263288577
1,1,0.9021993962028736
1,1,0.9932718908872519
0,0,0.016468014512689543
0,0,0.0004909437907654411
0,0,0.0886628232012913
1,1,0.9836824973255541
0,0,0.06956386356953842
0,0,0.023198280051273425
1,1,0.9972979834080593
0,0,0.03856975307418432
1,1,0.9884958333395455
1,1,0.9977208733149915
1,1,0.9594702559333533
1,1,0.9950157463065527
1,1,0.952532321856219
0,0,0.011530330000819423
1,1,0.9706850218525079
0,0,0.0007485874933052159
1,1,0.8213018021449147
1,1,0.9920653325574952
0,0,0.00879274217080832
1,1,0.9895386626627033
0,0,0.004409832900751054
0,0,0.009502897286210895
1,1,0.9418433033806319
0,0,0.008601755751769389
0,0,0.018348372850802593
0,0,0.25258960633619176
1,1,0.9970214307398654
1,1,0.8329644042318234
1,1,0.9781694468511156
0,0,0.013855521535202826
1,1,0.9602392805004021
1,1,0.990692509619335
0,0,0.054254527249983406
0,0,0.07315524725381972
0,0,0.009016405487309915
0,0,0.07442607678981823
0,0,0.19613610073110072
0,0,0.007539597613442169
0,1,0.5397451302827867
1,1,0.994025263253484
1,1,0.9578686000422817
0,0,0.014869144388278873
1,1,0.6671441188989861
0,0,0.02232278980769729
1,0,0.0373994028510345
1,1,0.9831350393142647
0,0,0.0490334288230105
1,1,0.9562458661133564
1,1,0.9856815938670286
1,1,0.9890839400264809
1,1,0.991600699013257
0,0,0.01805467775683726
1,1,0.9880513157845582
0,0,0.03222501973633703
0,0,0.008436762927373912
1,1,0.8739342192906019
1,1,0.9324454824344165
0,0,0.07471143615135611
0,0,0.03142100712935672
1,1,0.9734073845163888
0,0,0.002245231816491774
0,0,0.20387105376979764
1,1,0.9065371614557216
0,0,0.012535403687027456
1,1,0.9886064220708537
0,0,0.002167366162536474
0,0,0.2826308633584628
0,0,0.02425379715611967
1,1,0.9705673854420536
1,1,0.9503223991424782
1,1,0.9062440489553047
0,0,0.010221629646911399
0,0,0.0042321006273790705
0,0,0.009784815668193985
0,0,0.0189347589829715
1,1,0.9755599265861815
1,0,0.26520751736361575
1,1,0.8188192935430517
0,0,0.050531752252348815
1,1,0.8466267723995587
1,1,0.9595086635611116
0,0,0.0037272806055492066
0,0,0.09946495733175481
1,1,0.904087410404204
1,1,0.955465601392832
0,0,0.0225081573337713
1,1,0.9351924957190835
0,0,0.004292908387837651
1,1,0.9266030573673919
0,0,0.022537740623801254
1,1,0.9112390841421149
0,0,0.3595964322701945
0,0,0.01977825613797919
0,0,0.023220498608314634
1,1,0.8983758361749272
0,0,0.002960341248910371
1,1,0.9977622914882925
0,0,0.051296250793477494
0,0,0.05619184758275071
1,1,0.9748927227295808
0,1,0.6545236119729841
1,1,0.970757457695999
1,1,0.9743651236132415
1,1,0.984564780466576
0,0,0.040310997296176675
1,1,0.9706135786929122
0,0,0.006562043432382036
0,0,0.07771872358375813
1,1,0.9815755462274407
1,1,0.9701509304793042
0,0,0.060045901101798325
1,1,0.9875282716878651
1,1,0.8380995673073506
0,0,0.07070002024750548
1,1,0.9960085321265556
1,1,0.773001319274132
0,1,0.6865887565664522
1,1,0.9579927929874612
0,0,0.020489339962118682
0,0,0.16240599635167446
1,1,0.9893772240067118
0,0,0.004943362075329315
1,1,0.989409149042933
0,0,0.4987172916687091
1,1,0.7383570019109394
1,1,0.9734755448806146
1,1,0.8734815172245419
1,1,0.9694228151157096
1,1,0.9161274934418855
1,1,0.9846398116743822
0,0,0.03827310870997573
0,0,0.0027139456904192354
1,1,0.9575656474069119
0,0,0.038691868247286716
1,1,0.9926322164833258
1,1,0.9525882852234171
0,0,0.05076603472340442
0,0,0.006019353191099932
0,0,0.1274543766647463
0,0,0.05691606754265811
0,0,0.016332350506009004
0,0,0.0049866087898810234
1,1,0.9707206676531187
1,1,0.9952476826453277
1,1,0.9293585634086066
1,1,0.951525137359356
1,1,0.9829012861974044
0,0,0.02538349726229021
1,1,0.9396444139700452
0,0,0.0006943185999407669
0,0,0.027014929717326466
0,0,0.020140330120432808
1,1,0.9769086517025701
1,1,0.9934302656157743
0,0,0.09725032353932261
0,0,0.023004175259580314
0,0,0.016483088427727655
0,0,0.0017966940585298877
0,0,0.017865811450429987
1,1,0.903653209188172
0,0,0.08809538584743057
0,0,0.008716932984437091
1,1,0.9819768219416939
1,1,0.8670225273169494
1,1,0.9966547676147905
0,0,0.0011406748091008314
1,1,0.9258557529310564
0,0,0.005661080602146374
1,1,0.9869929088341323
1,1,0.9078590449702799
1,1,0.9362337831079787
1,1,0.9404736479921116
0,0,0.005543786257629048
1,1,0.9707975213792328
0,0,0.00407059765732075
1,1,0.9947734072711665
1,1,0.970051474262607
1,1,0.862790109782639
0,0,0.4016881249595382
1,1,0.9963138600728491
0,0,0.021538755807342606
0,0,0.018472427221830953
0,0,0.11138269111579475
1,1,0.9814611383142273
0,0,0.023824997055577776
0,0,0.015886997472320575
0,0,0.026361881715981382
0,0,0.014459975650665856
1,1,0.9297472037932542
1,1,0.9242754658951909
0,0,0.0541798852220083
1,1,0.9603392375859796
0,0,0.2157856065285112
0,0,0.012791751967111699
0,0,0.007165370247895345
0,0,0.008990243444827385
1,1,0.9635523745689437
0,0,0.1483602530895719
0,0,0.031167029163166656
0,0,0.03894629428239501
1,1,0.9604241723243727
1,1,0.9855189820835759
0,0,0.04920199528546848
0,0,0.02162775160970371
0,0,0.04628422419896142
1,0,0.03413033438056078
1,1,0.9688928496744895
0,0,0.1608622068178438
1,1,0.9869935967504295
0,0,0.003453203175459965
0,0,0.02214909529904423
0,0,0.007908128937467108
0,0,0.009550785565386554
0,0,0.006167536331973763
1,1,0.9476737901338256
1,1,0.9870003506320734
1,1,0.8024024605597537
0,0,0.08368237990274933
0,0,0.020265128070344036
0,0,0.15885923572581015
0,0,0.08450749591647096
1,1,0.8030906187749649
0,0,0.37168089340936344
1,1,0.9524722306689138
1,1,0.9918080054749241
1,1,0.9880986298154678
1,1,0.9650968883380008
1,0,0.217524126129169
1,1,0.8611393996556121
1,1,0.9877935162933986
0,0,0.07269532310085797
1,1,0.9621006940174809
0,0,0.11389474618260616
1,1,0.7341731827884421
0,0,0.05226164510544206
1,1,0.9483215686397237
1,1,0.9849760095921222
1,1,0.9188165893341702
0,0,0.236174308333742
0,0,0.03514799159015926
1,1,0.9710620937242792
0,0,0.009013136701370645
0,0,0.1473564737482721
0,0,0.033271045806719475
0,0,0.12991645691682396
1,1,0.9797730519246056
1,1,0.9657655834386487
1,1,0.9853657667188344
1,1,0.9922083079685664
0,0,0.004921408006294416
1,1,0.9880243543487239
1,1,0.9178941745110649
1,1,0.9971059789460495
0,0,0.01861814391579399
1,1,0.9748211981827215
1,1,0.9936898813522642
0,0,0.07188412021479847
1,1,0.9293666910543825
0,0,0.07367923154337794
1,1,0.9425804677761442
0,0,0.008962133077113498
1,1,0.5947005942248144
1,1,0.9918894255169076
1,1,0.9829299750978239
1,1,0.9908996367592946
0,0,0.026567442990599145
0,0,0.003721261549334137
1,1,0.9445530358817689
1,1,0.9644845879983241
1,1,0.9947921604869738
1,1,0.9486809259033793
1,1,0.9801096644780691
0,0,0.0963244428907414
0,0,0.29672189924829356
1,1,0.9647581200769898
1,1,0.9819491358441694
1,1,0.9553845784121268
1,1,0.9617107167913841
1,1,0.9869048421631654
0,0,0.035569116649472474
0,0,0.008514479577438486
1,1,0.9397564209239969
1,1,0.9749483101704147
0,0,0.021022906928962935
0,0,0.23561863342462608
1,1,0.8478619277334474
1,1,0.923391951037837
0,0,0.005497206553124991
0,0,0.0015673784626641064
0,0,0.0820246405977602
0,0,0.030408288329223338
0,0,0.0013114453632928117
0,0,0.023692566934386313
1,1,0.5880595200792564
0,0,0.029953710567566887
0,0,0.036447184474256225
1,1,0.9672845335655509
1,1,0.9669184205946337
0,0,0.022105883857268097
0,0,0.006995078451637705
0,0,0.0067716044736571305
0,0,0.004947617616804577
1,1,0.9370260189904475
1,1,0.9806543517119647
1,1,0.9724480126524074
1,1,0.9886701723036955
0,0,0.24066280606503704
1,1,0.9926062850535489
0,1,0.564482431811752
1,1,0.9533300977193918
1,1,0.9709180983342256
1,1,0.879132160977615
0,0,0.06729822816654474
0,0,0.06375194059519886
1,1,0.9194012181022252
1,1,0.9692562713890942
1,1,0.9550984071918687
1,1,0.961506597970677
1,1,0.7026724379370441
0,0,0.0008614210166177279
0,0,0.09944549681856349
0,0,0.0061827009795002805
0,0,0.22168041897073287
1,1,0.9525084291334145
1,1,0.9681934508651799
0,0,0.017813919754507825
1,1,0.8839476460024209
1,1,0.869229385988216
1,1,0.9280219209394265
0,0,0.04146707206009706
1,1,0.9958025216445127
1,1,0.9772627815763172
0,0,0.35986891457517073
1,1,0.9848453335812151
1,1,0.9899373654618489
1,1,0.987675885450329
0,0,0.06858440888900152
0,0,0.0012200166772164487
1,1,0.9798517467248614
0,0,0.011017996872818897
1,1,0.8533094523397282
0,0,0.011801988571506699
1,1,0.7865898947244018
1,1,0.9672453447903471
1,1,0.9943730705066409
1,1,0.9639734089580555
1,1,0.7811025837083365
1,1,0.9551329064643268
1,1,0.9843315162642504
0,0,0.15308105344573217
1,1,0.984116238163443
0,0,0.0063221234970651016
1,1,0.979328342202029
0,0,0.02648742764745025
1,1,0.9349531745051924
1,1,0.9821774311051157
1,1,0.9352580874461917
0,0,0.0006371340315824053
1,1,0.8678857281326973
1,1,0.9635079691483772
0,0,0.08726736388433418
0,0,0.010040720108602222
0,0,0.06523800951497787
1,1,0.809432212200478
1,1,0.9142440406195887
1,1,0.965031459619949
0,0,0.044055271028523794
1,1,0.9351591424467163
1,1,0.9879902539124834
0,0,0.025561741866003025
1,1,0.9830583959600679
1,1,0.9885712879379546
1,1,0.9691330864849176
1,1,0.9892538203223402
0,0,0.012969580122757268
0,0,0.01945737358998533
1,1,0.9942100861424048
0,0,0.025105035352243107
1,1,0.8777063201406946
1,1,0.995595148431124
1,1,0.9682986781101324
0,0,0.0407478357849137
0,0,0.0347038414081395
0,0,0.0263241018702675
1,1,0.9737050249260306
1,1,0.9774808736747561
1,1,0.9381201480778271
0,0,0.015650058558339515
1,1,0.9860011386577281
0,0,0.004685884316731827
0,0,0.0096213394657719
1,1,0.9960065297350745
1,1,0.8860218141791898
0,0,0.0062024735227165905
0,0,0.0252737630185038
1,1,0.9827179080915741
0,0,0.062148571966987226
1,1,0.9845010586801053
1,1,0.9504085542713411
0,0,0.27559831483175967
0,0,0.1760441669540991
1,1,0.7795501359767061
1,1,0.9272473645001192
0,0,0.04494039504933483
0,0,0.024970040707727154
0,0,0.002852249495281799
1,1,0.9621518978757744
1,1,0.9762663937845867
0,0,0.005339328246666812
0,0,0.0322255705322705
0,0,0.07232084176338903
1,1,0.9422984699354229
0,0,0.017198873989026423
0,0,0.05771461740928235
1,1,0.9817344975093693
0,0,0.002416515078190249
1,1,0.98640810038019
1,1,0.9587261278951458
1,1,0.9540016776413238
1,1,0.9874823586553825
1,1,0.9940285453437856
1,1,0.8331591865116147
1,1,0.9302183127734382
0,0,0.03378636469358858
1,1,0.9241060779467487
1,1,0.9202636686812121
1,1,0.9979165608961298
0,0,0.007264131378390756
0,0,0.010535398197465379
0,0,0.18886639327577037
0,0,0.1732544985577542
0,0,0.04885001082579032
0,0,0.0010178968529589042
0,0,0.09504865917420552
0,0,0.025234995509777505
1,1,0.9925815900543726
0,0,0.05970086370114868
1,1,0.9983861828597486
0,0,0.03830362781044717
1,1,0.9596221405443753
1,1,0.87832748147234
0,0,0.037726621542679195
1,1,0.9398205007918446
1,1,0.9844629135493196
1,1,0.9732556758476222
0,0,0.016725172305216012
1,1,0.9806139141902832
0,0,0.025139201497266162
1,1,0.9764593185784062
0,0,0.0025171968398151547
1,1,0.9927671876565987
1,1,0.9284348101520562
1,1,0.8922516217848558
0,0,0.14112160032033685
1,1,0.9928183021307079
0,0,0.007560145482623269
0,0,0.002348326023714231
1,1,0.9422590632328722
1,1,0.9796451645638319
0,0,0.042095727128977495
0,0,0.0216237570231659
0,0,0.015261451390576268
0,0,0.02115167890418684
0,0,0.00865712915419804
0,0,0.14627763568685975
1,1,0.7227298428617278
1,1,0.8548263507116759
1,1,0.9363778391369155
1,1,0.7280184527182711
0,0,0.052270282674490465
1,1,0.9918729836792258
1,1,0.9527501130305305
1,1,0.9838711857091637
0,0,0.12134594895034677
0,0,0.03609696775873868
1,1,0.9777583368632039
0,0,0.08804997719016623
1,1,0.962892616831401
0,0,0.02655890606940073
0,0,0.040204443525912535
0,0,0.0973212344179548
0,0,0.21970291259565372
0,0,0.024195605567144864
1,1,0.9625971554745824
0,0,0.021100462374938667
1,1,0.9656149742411062
1,1,0.9668835757514295
1,1,0.9304899496022804
1,1,0.8943648316163669
0,0,0.18376592514075307
0,0,0.05929416418218431
0,0,0.08836422965760547
0,0,0.004470175565952266
1,1,0.9578918979160662
1,1,0.9488578595640621
1,1,0.9032062649384927
1,1,0.9883896662673745
1,1,0.9980480990443968
0,0,0.37189705869691597
1,1,0.9402877393081018
1,1,0.8941382449430751
1,1,0.9570422449020712
0,0,0.009077748308989938
1,1,0.9361594951822716
0,0,0.012893146837522487
0,0,0.008544985832051367
0,0,0.27684241232606926
1,1,0.9852626826699015
1,1,0.9708415176829516
1,1,0.9532495460423113
0,0,0.003270284288712585
0,0,0.02690423202798554
0,0,0.03702709334998274
1,1,0.9801162255642497
0,0,0.056899016184235957
0,0,0.34078183171071635
0,0,0.16181803867997022
0,0,0.010387944051138244
0,0,0.02130058954557403
1,1,0.9693123790003045
1,1,0.8999157521367318
0,0,0.0970235753036002
0,0,0.013618356638355986
1,1,0.9512094826335562
0,0,0.03582432724539006
0,0,0.01258802972345939
1,1,0.9886355418241546
1,1,0.9879860905927007
0,0,0.4178314206633494
0,0,0.0590555869059179
1,1,0.9843995053195423
1,1,0.9877489132668605
1,1,0.9566907760025506
1,1,0.9175398631883519
0,0,0.022958065517990272
0,0,0.06596360020602256
0,0,0.009787738741791063
0,0,0.012307568666650347
1,1,0.9614212762578489
1,1,0.989810080812982
1,1,0.9366320698750393
0,0,0.29420318763360426
0,0,0.06089228323917369
0,0,0.00632796041711875
1,1,0.5310625735860448
0,0,0.005833931813008206
1,1,0.9695003546823258
1,1,0.6188068344270273
0,0,0.15484961909072464
1,1,0.9441445459825509
1,1,0.9795353512271603
1,1,0.9655405218581459
0,0,0.05509774641580997
0,0,0.1728590161548733
0,0,0.027488898877920605
1,1,0.9684497453273991
0,0,0.32538075911961906
1,1,0.9907909790662673
0,0,0.024471727395157898
1,1,0.9634725933878443
0,0,0.06095976044812703
1,1,0.9609784013159672
0,0,0.06366081235287752
0,0,0.011203247202431026
1,1,0.9510985582166034
1,1,0.9806539500423038
1,1,0.9673413120828255
1,1,0.9524576610402228
0,0,0.01187201086096593
0,0,0.017264380742140845
0,0,0.00571662311362437
0,0,0.0018641233671652863
1,1,0.7695480549146155
0,0,0.00954570801066816
0,0,0.05690735538054352
1,1,0.6485725355178827
1,1,0.9771631227554259
0,0,0.04466468149870201
1,0,0.3004373628997905
0,0,0.012731867572660097
1,1,0.9638550143509352
0,1,0.6272789408989895
1,1,0.9773542504950977
1,1,0.9270996616147996
1,1,0.9511348815440865
1,1,0.982873988324091
0,0,0.38092792742087345
0,0,0.0032660395470220046
1,1,0.9937159756113889
0,0,0.22516365300121627
1,1,0.9444411426269843
1,1,0.7951982463759166
0,0,0.009275485625674982
0,0,0.1289303903378124
1,1,0.9830843514231034
1,1,0.9918324392047525
1,1,0.9790494085164025
0,0,0.04533292643162596
0,0,0.011902826430748564
1,1,0.9838130404366573
0,0,0.01880395104415886
1,1,0.9723513068134684
0,0,0.0953910752757972
0,0,0.013671388214658887
1,1,0.836743532532411
1,1,0.9331441113496535
1,1,0.9851530110700185
1,1,0.9604393415542624
1,1,0.9909400023139063
0,0,0.10029571180090824
0,0,0.012446187946140238
0,0,0.039656203021176645
0,0,0.013042164003976904
0,0,0.025103782307726266
1,1,0.9781756292228949
1,1,0.8981431688678805
0,0,0.04317598270289483
1,1,0.8762441195071429
0,0,0.03390039371289381
0,0,0.055704033238763835
1,1,0.9423228347672102
1,1,0.6752883287696114
1,1,0.9433791147997018
0,0,0.05681767081938166
1,1,0.8501961622471254
1,1,0.9785610742716927
1,1,0.8015296148745901
0,0,0.017429163010163232
0,0,0.001981480487298668
1,1,0.9368962258660714
0,0,0.03564764691023186
1,1,0.9775436689778727
0,0,0.009917220790411992
0,0,0.01563870266909886
0,0,0.04170899437098721
1,1,0.9558605124779922
0,0,0.07091569589278236
0,0,0.0024806391332584388
1,1,0.9394499761362207
0,0,0.0020909259856269967
1,1,0.9588029032262309
0,0,0.07070374533621432
0,0,0.07246788949017055
0,0,0.07545601862600293
0,0,0.11849734302736231
0,0,0.005614876147446998
1,1,0.9939100680909523
1,1,0.9484275651333695
0,0,0.16617407652915522
1,1,0.986795205835414
1,1,0.994347867493099
1,1,0.9921115665788859
0,0,0.012906549191333667
1,1,0.9491203760864063
0,0,0.010210799535563947
1,1,0.8532870837173429
1,1,0.9260106093142079
0,0,0.03512748791611068
1,1,0.9667811890190866
1,1,0.9926955937429571
0,0,0.013922002861355027
1,1,0.9842300062431178
0,0,0.05911123185338974
1,1,0.8749065835796245
0,0,0.011056400032131437
1,1,0.9070076374163143
0,0,0.02337960211896866
1,1,0.9676608363378327
0,0,0.04191690873241814
1,1,0.9914972796225656
0,0,0.043150457522359825
0,1,0.6547490706769618
1,1,0.8955125387508531
1,1,0.9421360803342897
1,1,0.98429814084332
0,1,0.5185745358840035
0,0,0.2847075653696279
1,1,0.9865063930469797
1,1,0.9893443207447931
1,1,0.9489682208783631
1,1,0.9955263329186593
0,0,0.02402401112062619
1,1,0.9901492642636517
0,0,0.11897174897741732
1,1,0.9616818848744916
1,1,0.9904245152928102
1,1,0.9958836118007032
1,1,0.9710030069678238
0,0,0.02507514321786786
0,0,0.007951038356345808
0,0,0.07508427480512617
0,0,0.1438658021685968
0,0,0.2315873532636861
0,0,0.040851738529972884
0,0,0.12363356711070271
0,0,0.006491650797230551
1,1,0.9852283871823547
0,0,0.010771664776905165
1,1,0.980254498520295
1,1,0.9729444455241589
0,0,0.004292453316178692
1,1,0.9813116382073857
1,1,0.9991178348386749
1,1,0.9785000822193795
0,0,0.016857701630283717
0,0,0.008593290259360276
0,0,0.0967928082809387
0,0,0.020433592843122995
1,1,0.9949651407685077
0,0,0.05302530632893517
1,1,0.9393304829652175
0,0,0.012865298012189655
1,1,0.98014249034906
0,0,0.021881417632912716
1,1,0.9175797371150362
0,0,0.0064567325974379695
0,0,0.05749135446596557
1,1,0.9876371593541272
0,0,0.37143585914886357
1,1,0.9768285287432724
0,0,0.2931257978761376
0,0,0.012581401239952715
1,1,0.9594469687008773
0,0,0.018105658889383282
1,1,0.9753785303239746
0,0,0.054311004252820774
1,1,0.9745069998243305
0,0,0.018229834571515884
0,0,0.004214829197668165
0,0,0.005976501357024611
1,1,0.988395873045773
1,1,0.8667490861221174
1,1,0.9809013692492785
0,0,0.024176761180598368
0,0,0.008238392341713068
1,1,0.9822720475931743
1,1,0.97826348979294
0,0,0.09151527730352256
0,0,0.126855740003509
0,0,0.2598879760921622
1,1,0.8850770490217978
1,1,0.9863368143565218
1,1,0.9846514742490057
1,1,0.9273847725145684
0,0,0.08939217529385042
0,0,0.017727775471914925
1,1,0.9347769672627396
1,1,0.9193666357681928
0,0,0.033294135415907554
0,0,0.008355142767500972
0,0,0.05372090702756145
1,0,0.26967941647830107
0,0,0.017694072255946616
0,0,0.07238080713995045
1,1,0.8936627235219912
0,0,0.015308067554361001
0,0,0.27860197003827153
1,1,0.9819445319048193
1,1,0.937541748836256
0,0,0.0077423955700583556
1,1,0.952277375694431
1,1,0.9881556005136213
1,1,0.9864286481678155
0,0,0.23878872618870106
1,1,0.9814672084968169
0,0,0.08172193564330531
0,0,0.024775783266103853
1,1,0.9565781559856912
0,0,0.004483380492328987
0,0,0.013663624778645363
0,0,0.004344605949890913
0,0,0.0013624164065489395
1,1,0.9664795331519773
0,0,0.11052436131926634
0,0,0.020838353979521537
1,1,0.8891601856908288
0,0,0.13185256414978466
1,1,0.9870763934682828
0,0,0.12344763699265283
1,1,0.9835642552910133
0,0,0.09465355104382604
1,1,0.9819936314115316
1,1,0.9882143530953413
0,0,0.0012307731774165902
1,1,0.9398566649458401
1,1,0.949922012656273
0,0,0.0026102397282849058
1,1,0.9920384726095471
0,0,0.0027666122108019387
0,0,0.0858294052891552
0,0,0.011649727917534726
0,0,0.018515449621191397
1,1,0.9287177156208472
0,0,0.04422036142635549
0,0,0.0054856251315603954
1,1,0.940717323316932
1,1,0.9926251529262927
1,1,0.9957283300646926
1,1,0.9984537791879676
0,0,0.03927478380590078
1,1,0.9941799663266383
0,0,0.00977280251014422
0,0,0.005536183216238897
0,1,0.5337198818275535
1,1,0.9620882127029248
0,0,0.01103395848968845
0,0,0.01615153732753423
1,1,0.9655240603839073
0,0,0.006383198580487665
0,0,0.021055672692681996
1,1,0.9819251230924554
1,1,0.9851194037007237
0,0,0.00481584934491467
1,1,0.9695064595003977
0,0,0.06471457244368585
1,1,0.9241936143429844
0,0,0.03595835714263802
1,1,0.9921719575153544
1,1,0.9684497036144708
0,0,0.00873950317653308
1,1,0.9622269879176139
0,0,0.05630436465275412
0,0,0.004514548477024361
1,1,0.886521040407829
0,0,0.22392292864136243
1,1,0.9520640229644777
0,0,0.026437970670236483
0,0,0.029504743881792264
0,0,0.022699753133117954
1,1,0.8829795065537213
0,0,0.06201869994174997
1,1,0.9848828676027158
1,1,0.9553546830991748
1,1,0.9761607201599711
0,0,0.0016712678704060803
1,1,0.8795648543222621
0,0,0.012994283688162342
1,1,0.9505534184794848
1,1,0.9590622280200791
0,0,0.3033824532206955
1,1,0.9871899173227124
1,1,0.971252224562068
0,0,0.015641707177855367
1,1,0.8994289827612969
1,1,0.9885336760625748
0,0,0.005707926384081292
1,1,0.7541333721110628
0,0,0.0014553598297689168
0,0,0.03548277333033021
0,0,0.012156620128012266
0,0,0.03793983096678559
0,0,0.0676151963255461
1,1,0.9552843423341826
0,0,0.019837778421600488
1,1,0.9809937955921948
0,0,0.022334035147029557
1,1,0.8334642139910372
0,0,0.013754394107479058
0,0,0.0038769715491037437
1,1,0.9560555767992505
0,0,0.029417707703865197
1,1,0.9827825927152607
0,0,0.02047778504040916
1,1,0.991707440187054
0,0,0.001189709402057177
0,0,0.022739367104809696
1,1,0.9343400705694875
1,1,0.9086613375862141
0,0,0.01711453273501044
0,0,0.017815276902865208
1,1,0.9764209601798066
0,0,0.005512437744233083
0,0,0.07763611892692887
1,1,0.9927094651371572
0,0,0.03163304486650995
0,0,0.011070174757702632
0,0,0.011092406052130625
1,1,0.854918844051697
0,0,0.005188030460735942
1,1,0.9917089939173116
1,1,0.9417410229787554
1,1,0.993244931535594
0,0,0.06736522347795537
1,1,0.9346218903324205
0,0,0.018307549248027143
0,0,0.012467062664659896
0,0,0.00966822842868717
1,0,0.2547037408666247
1,1,0.9285991466138649
1,1,0.9689015383690448
1,1,0.75284601157931
1,1,0.9500340144082992
0,0,0.04202837685419586
1,1,0.9199710095763503
0,0,0.012618602589075321
0,0,0.0021396276763559863
0,0,0.027282673436079468
0,0,0.028337729350447902
1,1,0.9319014617325997
0,0,0.0598252031868357
1,1,0.9557047041269707
1,1,0.9561860298975876
0,0,0.005438251487037858
1,1,0.9818995155569866
1,1,0.997452587635387
0,0,0.139176782977192
1,1,0.9810358249058835
1,1,0.9827011579172988
1,1,0.8505259573290196
0,0,0.021754438481203026
1,1,0.9903574986085564
0,0,0.21655299549299684
1,1,0.9876221263886473
1,1,0.9776398661459925
1,1,0.9790626121665039
0,0,0.4832802934947944
1,1,0.9469074229935199
0,0,0.006713099916902333
0,0,0.01678126570522153
1,1,0.9219661145764638
1,1,0.9556267613207253
0,1,0.5518887227161133
1,1,0.9814564058446299
1,1,0.9712013859788704
0,0,0.12166156683628421
0,0,0.004469455333933786
1,1,0.7405462670182152
1,1,0.9945178186777875
1,0,0.49213697578414334
1,1,0.9712709555954674
0,0,0.005904410497173969
0,0,0.011896082783307255
0,0,0.2484487830496187
1,1,0.9774414982006222
1,1,0.83258549817954
1,1,0.9896568666728142
0,0,0.01098016155553856
0,0,0.08195496621370021
1,1,0.9358907297872019
0,0,0.08532177248212684
1,1,0.89141961675352
1,1,0.9211209966778879
1,1,0.9970705514634932
1,1,0.9050931691941716
1,1,0.9437063999024445
1,1,0.9928060645495825
1,1,0.9834698120623481
1,1,0.9851721046984051
0,0,0.032650703934749246
0,0,0.0304995430533305
0,0,0.040776779733771196
0,0,0.017405488779453176
1,1,0.978685456905341
1,1,0.9495578289425807
0,0,0.05500515795081896
1,1,0.9483697181095652
1,1,0.9622654230424038
0,0,0.031432835735003745
1,1,0.9795711365688844
1,1,0.9784494260541522
0,0,0.06117491422818115
1,1,0.9773471133138285
1,1,0.972372553825964
1,1,0.8794336509190817
0,1,0.7858074914336445
1,1,0.9790113718316436
1,1,0.9855304743412583
1,1,0.9584123173616066
1,1,0.9359819943600305
1,1,0.9784925297846894
0,1,0.5121219614346579
1,1,0.9509869245211641
1,1,0.835262906217003
1,1,0.9495430851195431
0,0,0.009965475148307987
0,0,0.023803994351764807
1,1,0.9551662481414206
0,0,0.006329006872529483
0,0,0.18787717849668548
0,0,0.04688120166467503
0,0,0.0025125422859947817
1,1,0.9595666111957462
1,1,0.9867093940739209
1,1,0.9252687781499921
1,1,0.9880299617610699
1,1,0.9469525869645637
1,1,0.9788184678688124
1,1,0.930107293240927
0,0,0.04567641135243407
0,0,0.23427636903629387
1,1,0.9868980557897983
1,1,0.9472728598294299
0,0,0.0031397519063019377
0,0,0.0024303112447129883
1,1,0.9925186873915991
0,0,0.05642444827197981
1,1,0.9674390703565332
1,1,0.9481823908153258
0,0,0.009686558501563672
1,1,0.6037935520304187
0,0,0.004603264049751424
0,0,0.017466429193111324
0,0,0.0801863331187483
1,1,0.9903025547140346
1,1,0.9754544262906547
0,0,0.0012010837057879484
0,0,0.01147592595568369
0,0,0.029210517898028796
1,1,0.9728702490316385
1,1,0.9929981661538705
1,1,0.9564274198725478
0,0,0.05153605355015776
0,0,0.26705571969956576
1,1,0.9661071783927506
1,1,0.9599873726093511
1,1,0.9814139546771476
0,0,0.0023374754452311214
1,1,0.9943084138815517
1,1,0.9583153057500616
0,0,0.04546425461473853
1,1,0.9844710746269341
1,1,0.97088582122606
0,0,0.03550989111597298
1,1,0.8879951761220132
0,0,0.14132311599490735
0,0,0.032472752364645065
0,0,0.003309836887146352
1,1,0.9858483277455999
1,1,0.9892644408934802
1,1,0.9909378394196415
0,0,0.03537756829375581
1,1,0.8956377136060297
1,1,0.9593885255482524
0,0,0.11366736489875988
0,0,0.2569789029755259
0,0,0.07789653446643863
1,1,0.9892932858311859
1,1,0.9241398445321408
1,1,0.9613902085149669
1,1,0.976733950152171
1,1,0.8574003303464351
1,1,0.984162588380243
1,1,0.9811167247208401
0,0,0.17313631353876816
0,0,0.04054743848795819
1,1,0.9609227333619339
0,0,0.0629853055947614
0,1,0.6111999428994822
1,1,0.9852550029857451
1,1,0.964511627134919
1,1,0.9790595454414334
0,0,0.0021699379771742667
0,0,0.002781614333490261
1,1,0.8856656268589895
1,1,0.9842756778244458
0,0,0.28487179989144745
0,0,0.015953714650251014
0,0,0.06383060408462413
1,1,0.9946875353534843
1,1,0.9884830886127652
1,1,0.9994792322517593
1,1,0.9600104343127684
1,1,0.9727320211481726
0,0,0.02769374930846406
0,0,0.008227674187617945
0,0,0.002124470061950254
0,0,0.035610556359582025
1,1,0.988106519919491
0,0,0.012928531060015739
1,1,0.9786106221128563
0,0,0.01827604553861013
0,0,0.010328020101169516
0,0,0.01867971630031756
0,0,0.025806771106809973
0,0,0.0025603707057112756
1,1,0.9738775812711424
1,1,0.966760375314171
0,0,0.2480980426082471
0,0,0.012929710890409464
0,0,0.036578139576833285
1,1,0.931922374194415
0,0,0.006141437220124645
0,0,0.012327516416307355
0,0,0.23091389081651906
1,1,0.9509937114053346
1,1,0.9951186038759845
0,0,0.2485538741683351
1,1,0.9679574255838149
0,0,0.052042086807228556
0,0,0.0025097878193661807
1,1,0.9898813288885824
0,0,0.11879028882163227
1,1,0.9844484635954194
0,0,0.012338498454821325
1,1,0.9888997897004923
0,0,0.07460144778053797
0,0,0.0040026801384766475
0,0,0.016853171418225406
0,0,0.01456006063035723
1,1,0.9931756283906527
1,1,0.9901684881070483
0,0,0.11377640566810375
0,0,0.003868645794343972
1,1,0.9554645421258502
0,1,0.5857101830122109
1,1,0.9561496020645831
0,0,0.08113304305961869
1,1,0.961565154047856
0,0,0.005060329424271249
1,1,0.8953491001533392
0,0,0.115532855234522
0,0,0.001327416394823837
1,1,0.9824102601744424
1,1,0.9796957565938994
1,1,0.9801650214438721
1,1,0.8459177715415351
1,1,0.8401148952803378
1,1,0.9764857119539427
0,0,0.11590821116235447
0,0,0.04836024212602712
0,0,0.06495913536040668
1,1,0.8878550587611674
1,1,0.9922698770372261
1,1,0.9364784438807829
0,0,0.07126818854743411
0,0,0.029626380930534192
1,1,0.9979289886274794
1,1,0.9638338527939001
1,1,0.9648867769280873
1,1,0.9760327156549595
1,1,0.9617677239680243
1,1,0.9515002120184095
0,0,0.003178527069369865
1,1,0.8949962883238477
0,0,0.013351442823514506
1,1,0.9405697647579657
0,0,0.013536170226768788
0,0,0.10870641585274736
0,0,0.021642598702715562
1,1,0.9842490580544863
1,1,0.9836402994508398
1,1,0.9577321524332078
0,0,0.17742854831872495
0,0,0.011751464529357868
0,0,0.13379316653709777
1,1,0.9737883279727845
1,1,0.9348987077761468
1,1,0.9593117116712452
0,0,0.18256225350465086
1,1,0.9791504091594504
1,1,0.9529166159656876
1,1,0.868014177342007
0,0,0.007504429309103235
1,1,0.9829682670849027
0,0,0.003032016682152995
1,1,0.980125319024228
0,0,0.03246713499436551
0,0,0.037626297788393256
1,1,0.9856614010162107
1,1,0.960583825018655
1,1,0.9781541640514011
0,0,0.21448171427914953
1,1,0.9751890168297896
0,0,0.05705144358141306
1,1,0.9846868854123974
0,0,0.0004554143343920074
0,0,0.08238949871881428
0,0,0.08287300629927892
0,0,0.039283813618401026
1,1,0.9963853363386049
1,1,0.9898771813889691
0,0,0.028268763006828446
0,0,0.012264187244732824
0,0,0.096609179293529
0,0,0.05921517112495034
0,0,0.22453709281583328
1,1,0.9468382013961372
1,1,0.9886119896471935
1,1,0.9849670344335263
0,0,0.008715121843063469
1,1,0.9316796353921615
0,0,0.020257790173977826
1,1,0.9456743249557347
1,1,0.8191566279583181
1,1,0.9870490387228649
0,0,0.0365563460162026
1,1,0.9661738212104122
1,1,0.8610708104604105
0,0,0.08158939765700243
1,1,0.9882887776393576
1,1,0.843774824095382
1,1,0.9831801684938258
0,0,0.0006334762387367644
1,1,0.9541120052025109
0,0,0.05070005922551861
0,0,0.03807397796076815
0,0,0.004213690429322949
1,1,0.9812734852140417
1,1,0.9350560854867712
1,1,0.9858878265998409
1,1,0.9955180463405154
0,0,0.009409009540331604
0,0,0.012374251891914424
1,1,0.8702277730528042
1,1,0.9948064494307945
1,1,0.9915058609376033
1,1,0.9913055662156892
0,0,0.03041045408229687
1,1,0.9941262840973781
0,0,0.0720531388231871
0,0,0.023306413842458025
0,0,0.06024530590146741
1,1,0.9656846528731228
0,0,0.4298530477511749
0,0,0.0017563286032796152
0,0,0.007159334496235718
0,0,0.04336750503751964
1,1,0.7897311685697064
1,1,0.9914861866051974
0,0,0.1590982450904767
0,0,0.016916810779870044
0,0,0.011484439678549606
1,1,0.9347189562061715
0,0,0.16201422376612115
0,0,0.009754443257119359
1,1,0.988530690012606
0,0,0.08864535399456858
0,0,0.008845383297270842
0,0,0.0027963870070793957
1,1,0.9934293335536774
0,0,0.005256394968894312
0,0,0.005366881545330404
1,1,0.9378858213206608
1,1,0.9665593123641295
1,1,0.6906745269134538
1,1,0.9911903341599313
1,1,0.9425489031010039
1,1,0.9727984565288772
0,0,0.03172801229640021
1,1,0.974579418645302
1,1,0.9601287544045648
0,0,0.014780480691271792
0,0,0.01543400123997749
1,1,0.9585060300429166
0,0,0.025261839203842822
1,1,0.9455093617546863
1,1,0.7460345086974502
0,0,0.054595008804675084
0,0,0.03186681113371604
0,0,0.005038083934880984
0,0,0.07611844905842154
1,1,0.775904194836849
1,1,0.8700635745545016
1,1,0.9962021687349891
0,0,0.0650188694370878
1,1,0.985469361986504
0,0,0.035062857856780046
1,1,0.9529800650521285
0,0,0.03721488092392944
1,1,0.9275603307506056
1,1,0.9907319948813332
0,0,0.04731972449803533
0,0,0.003423971993802279
1,1,0.9591158394298213
0,0,0.05295082244786507
1,1,0.8719395259596765
0,0,0.16528832123746073
1,1,0.9932614037005771
1,1,0.9882405918748554
0,1,0.7306427583580375
0,0,0.009683483047355177
0,0,0.0012466684492904048
1,1,0.9422285814901168
1,1,0.9975833443292501
0,0,0.021460140472685327
1,1,0.9473965550638045
0,0,0.05367217124290261
1,1,0.948263091022941
1,1,0.9223911544580492
0,0,0.1391642165682638
0,1,0.6182391826417469
0,0,0.009500076230211658
1,1,0.9707561337999644
0,0,0.011240948690110037
1,1,0.9703455033238007
0,0,0.014830792887949364
0,0,0.011398405427829635
0,0,0.0025301067459051565
1,1,0.9750176554106167
0,0,0.0061260023588593495
0,0,0.07115083726902038
0,0,0.10397761760255192
1,1,0.6728626017922158
1,1,0.9831756014184903
1,1,0.9584428881641552
0,0,0.005490525678532952
0,0,0.004271803793066539
0,0,0.13773664984681902
0,0,0.14344582619417393
1,1,0.9827799390448876
1,1,0.9892164545997771
0,0,0.026298731653773732
1,1,0.712795308230516
1,1,0.9895434864683081
1,1,0.7155466331614342
1,1,0.9850240836948988
0,0,0.022167758253684042
0,0,0.04895155968884036
0,0,0.24348506357434288
1,1,0.6952789271539542
0,0,0.0067146930165140496
0,0,0.08457643169782805
0,0,0.0024827168300500827
1,1,0.9046776367498639
1,1,0.8980125481627543
1,1,0.9563098139149327
1,1,0.9877863767810896
0,0,0.03072281484585437
0,0,0.13495976381403393
0,0,0.00470878646312485
0,0,0.17335327456676136
0,0,0.0047768291499072175
1,1,0.7759783450021762
1,1,0.9915197183543174
1,1,0.9903083488512793
0,0,0.0985938118966632
0,0,0.007908476062848906
0,0,0.034718496212637284
1,1,0.9817754460581997
1,1,0.9658575290515522
0,0,0.00819316954320035
1,1,0.9755095289411791
0,0,0.3395734273050452
1,1,0.9849368443710989
1,1,0.9162926825871742
0,0,0.26049871954913983
0,0,0.19865181438399127
1,1,0.9723287260112503
1,1,0.9927365622647297
1,1,0.9779235607936189
1,1,0.9572592628146069
0,0,0.058267834828692536
0,0,0.021672052023887337
0,0,0.076554735204628
0,0,0.07367569389492368
1,1,0.9477325820896509
0,0,0.03791900052505191
0,0,0.1277151591019948
0,0,0.035742805774204314
1,1,0.9555385523275285
1,1,0.9630940344274438
0,0,0.04578160682449004
1,1,0.7688341737582203
1,1,0.9848918781344002
1,1,0.9780185976492528
1,1,0.9184884043956971
0,0,0.04354212872715116
0,0,0.08247798243169176
0,0,0.02722409689617091
0,0,0.12075145361045211
0,0,0.00821272465994186
0,0,0.0716427818598898
1,1,0.9882842825143882
1,1,0.9845292663180402
0,0,0.43027035950207076
0,0,0.04206742892617518
0,1,0.7075925386791497
1,1,0.8997367087806212
0,0,0.03264857454248909
0,0,0.12947048805790648
1,1,0.9827557141504377
0,0,0.007321326634347931
0,0,0.09649460365314558
1,1,0.9560265798899722
0,0,0.0021484955775711856
1,1,0.9059095781932147
0,0,0.05227255999548812
1,1,0.9529925140995186
1,1,0.9795927397581197
1,1,0.9806188870043673
1,1,0.9937141623568845
1,1,0.9331695702368801
0,0,0.010618921338320852
1,1,0.9665269794162137
0,0,0.008067982551098751
0,0,0.17820020253498722
1,1,0.910938301227402
1,1,0.9914157082623184
1,1,0.7683418877773075
0,0,0.0033959536813491075
0,0,0.047691804821726316
1,1,0.9883527872104886
1,1,0.9333206309230657
1,1,0.9819582288896702
0,0,0.007775073462384672
0,0,0.008478690118194618
1,1,0.9703599900061766
1,1,0.985082439357908
1,1,0.9969038896373543
0,0,0.04246771689471434
1,1,0.9968867134753134
1,1,0.990968299274611
0,0,0.02226266245776468
0,0,0.05769220645800883
1,1,0.9283358475273376
1,1,0.9751921548660132
0,0,0.10912712785876776
0,0,0.006480813035980823
1,1,0.9882942018348018
1,1,0.9256677513876824
0,0,0.08320887074129382
1,1,0.9960818153805208
1,1,0.9411388701197366
0,0,0.0358235150561658
1,1,0.9395278327904175
0,0,0.0075467945803262
0,0,0.0015646465009203625
0,0,0.15270508369234176
1,1,0.9842687617190197
1,1,0.984213133390244
1,1,0.8914398762456794
0,0,0.009086670981605835
1,1,0.9796755585398639
1,1,0.9470655853842993
1,1,0.9753955464302017
1,1,0.9643032782666655
0,0,0.19561685110346214
0,0,0.3013856135738656
0,0,0.0034944471410930404
1,1,0.9785284333354525
1,1,0.8876304970681801
1,1,0.8984524136633537
1,1,0.9429555860767427
1,1,0.9389964114475855
1,1,0.9918371658903574
0,0,0.007536071636947719
1,1,0.9632975909689525
1,1,0.9723009559426166
1,1,0.979863015098007
0,0,0.05605221880557016
0,0,0.049378135480761275
0,0,0.016843929197225563
1,1,0.9582378876763042
1,1,0.9664014303669515
1,1,0.9867069242910951
1,1,0.998151547092968
1,1,0.9502942842880929
0,0,0.0006746163833501383
0,0,0.13989125726517018
0,0,0.045443079806992935
0,0,0.01854550195344327
0,0,0.07692042407908069
1,1,0.9799507765670062
1,1,0.9869408320234125
1,1,0.9712760453003116
0,0,0.04071989466109258
1,1,0.8885318579465057
1,1,0.9645626284298082
1,1,0.96921969459593
0,0,0.1222212724001518
1,1,0.5794830452024133
0,0,0.11995060398835337
0,0,0.2221451079411347
1,1,0.9967264892832371
1,1,0.9927525867828738
1,1,0.8784887694985376
1,1,0.9168661418580462
1,1,0.9891206695833615
1,1,0.9522515822680073
1,1,0.9188691759484406
1,1,0.8666258848587229
0,0,0.006562150768804565
0,0,0.1165311505897424
1,1,0.9190686088961533
0,0,0.005018000253837141
0,0,0.21585906884719597
1,1,0.9038358933172788
0,0,0.022829666067494488
0,0,0.06820334256777905
0,0,0.10906384369448781
1,1,0.7434793598276944
1,1,0.9921796305369665
1,1,0.9886165169566192
1,1,0.8982180211636608
1,1,0.9909927293085758
1,1,0.9334237832125502
1,1,0.9949866872532689
0,0,0.014352613924680149
1,1,0.9627090771112987
1,1,0.9380708943504201
0,0,0.05080174263107185
0,0,0.03794551108721422
0,0,0.07398792369600604
1,1,0.9627653140721768
0,0,0.0036050038813487434
0,1,0.8933785444875019
0,0,0.04503050475541135
1,1,0.9639237686518978
1,1,0.9874241848677782
0,0,0.001875949753059056
1,1,0.7738107523561253
0,0,0.03644174125015874
0,0,0.03149533750388167
0,0,0.22552476202360852
1,1,0.9676756178943758
0,0,0.060271287299438876
1,1,0.9612815418821815
1,1,0.9904911155792956
1,1,0.98517092623078
1,1,0.9707389847455341
0,0,0.02996574480555382
0,0,0.003079309443392371
1,1,0.977134276896368
0,0,0.1513589817196918
0,0,0.0018336150221646861
1,1,0.9865755615028433
1,1,0.9650132598846588
1,1,0.9843300207039625
0,0,0.007710219848751478
0,0,0.42637246632565545
1,0,0.4308874757810704
1,1,0.9887164198550816
1,1,0.9898569191669075
1,1,0.9043412034808175
1,1,0.9829470126749096
0,0,0.04211726400415906
1,1,0.8735307309250023
0,0,0.007399965542033186
1,1,0.9723716853250957
0,0,0.12588375316155387
0,0,0.004145276299351386
1,1,0.8309631834696126
0,0,0.004958165881980556
0,0,0.04504175452477573
0,0,0.03228331749600152
0,0,0.04339251020927419
1,1,0.9858021696793939
1,1,0.9753602448897649
1,1,0.9967284302135856
1,1,0.9834066014417255
1,1,0.9701337272261228
1,1,0.9808603206849283
1,1,0.976124365111405
1,1,0.9731289065279517
0,0,0.11533273823681053
1,1,0.9249495096750009
1,1,0.854599440618928
1,1,0.8403075528912083
0,0,0.005295738579940959
1,1,0.8931689558967079
1,1,0.9973919013411975
0,0,0.014963648767033032
0,0,0.063578904685221
1,1,0.8660760962344005
1,1,0.9131982688442042
0,0,0.014612453313207208
0,0,0.0058483333578246395
0,0,0.0030048298344455184
0,0,0.06919648226875383
1,1,0.9433776667478951
0,0,0.04307008714969426
1,1,0.9199395353265947
1,1,0.9595108697512623
1,1,0.9899209902946772
1,1,0.9695034470124843
1,1,0.9844712017230784
1,1,0.93779202697306
0,0,0.0057956532679216115
1,1,0.9272327141233403
0,0,0.13730066639589775
0,0,0.0028183834004677694
0,0,0.0028150779677504115
1,1,0.9411967643681738
1,1,0.988843802202194
0,0,0.07976442108986698
0,0,0.005640955431287488
1,1,0.923441917671737
1,1,0.9839765156715101
0,0,0.1828722850142964
1,1,0.9863560741969251
1,1,0.8970452989820052
1,1,0.990968299274611
1,1,0.9075269533399227
1,1,0.9435885280873667
1,1,0.9957213832538804
1,1,0.9815802570316625
1,1,0.9854432574082516
1,1,0.9792963618652858
0,0,0.028349477914557157
0,0,0.0035786335527747447
0,0,0.0032014252865103215
1,1,0.9979480904139958
0,0,0.013927063171731768
1,1,0.5650548661657231
0,0,0.010545588368538672
1,1,0.9761488342991984
0,0,0.018626925353640692
0,0,0.03014374513214672
0,0,0.014201779837942605
0,1,0.5007468920020196
1,1,0.9670573722892833
1,1,0.9888624899278682
0,0,0.009994079648207125
0,0,0.0346347007806514
0,0,0.004027894453027147
1,1,0.9650957724515395
1,1,0.98771718260873
0,1,0.5861271149900947
1,1,0.9644190356393005
0,0,0.0371061457810509
0,0,0.1302660098548753
1,1,0.9813310186187943
0,0,0.19774095308455875
1,1,0.9217922431656096
0,0,0.06467299612419279
0,0,0.0011468758714763111
1,1,0.9850812278079552
0,0,0.04713503672759971
0,0,0.2679439539051276
0,0,0.06460910938726817
1,1,0.730526165353633
0,0,0.11646126521809948
1,1,0.9870792792904829
0,0,0.00654390824181835
0,0,0.001141448951730953
1,1,0.9066113683177719
0,0,0.011000312606041692
1,1,0.980367051526893
1,1,0.9617509040291146
0,0,0.25569732527588285
1,1,0.9312136037802805
0,0,0.008998130909072413
1,1,0.990872513163875
1,1,0.940472323718105
1,1,0.9073588633821267
1,1,0.6594403280260426
1,1,0.9746027499898776
0,0,0.0013266591035626574
0,0,0.02501730197893851
0,0,0.14795902192000288
1,1,0.9761524229020484
1,1,0.9723223490540336
1,1,0.9812964920669225
0,0,0.04642614525379576
1,1,0.997506223651942
0,0,0.01669685975542433
0,0,0.3654711334756814
1,1,0.9878808275978718
0,1,0.6463062146325066
0,0,0.005957644731866296
1,1,0.8308677207196851
0,0,0.2356797352741865
1,1,0.9841659169275676
1,1,0.9281211393130142
0,0,0.12672004988089247
0,0,0.022111761191493783
0,0,0.05512936206113006
0,0,0.011466396647116187
1,1,0.9832327378275907
0,0,0.0341147635047624
1,1,0.9019588497209641
1,1,0.9639970791063206
1,1,0.8953592286069348
0,0,0.10121527647455364
0,0,0.009642058460253152
0,0,0.01116519734837254
1,1,0.9237695487034948
1,1,0.9741830896288025
1,1,0.8659232098662749
0,0,0.007126735841847848
1,1,0.9627901955200037
1,1,0.990793144466265
1,1,0.8920071826713735
1,1,0.9935967596319708
1,1,0.9625755198500694
1,1,0.9663274686798488
0,0,0.049775512185178256
0,0,0.05926546925518404
1,1,0.9817405425808083
1,1,0.9616616083354174
1,1,0.9537465408428114
1,1,0.9452735274603734
0,0,0.0030339384766689555
1,1,0.9757677858475247
1,1,0.9003069560888526
0,0,0.008994736671620802
0,0,0.01923276045544054
0,0,0.11998144754715975
1,1,0.9746819513097839
0,0,0.2694990698728875
1,1,0.8718801026351214
1,1,0.9391144353856553
0,0,0.0481121546679187
1,1,0.9482236494060098
1,1,0.9648191751697089
1,1,0.9110923336893674
1,1,0.9811158369730635
0,0,0.01073646014990175
0,0,0.04257226043083417
1,1,0.8996772188102026
1,1,0.8965547761352963
1,1,0.9451377952207927
1,1,0.983936382154586
0,0,0.02272652828563062
0,0,0.2839417038229288
1,1,0.981001286041516
0,0,0.13036806624366035
1,1,0.9911582856568943
0,0,0.007946202796190778
0,0,0.15855646851901697
0,0,0.04649822593439219
0,0,0.11307694602152396
1,1,0.9499198431455782
0,0,0.04538316278894574
0,0,0.004796268341854604
1,1,0.7434004711667015
0,0,0.044445404023991934
0,0,0.006340762418735735
0,0,0.10441473079383366
1,1,0.9678804476700029
1,1,0.9642326859234271
1,1,0.9891082946130003
0,0,0.28969590225013586
0,0,0.06438181530605633
1,1,0.9552754644678181
0,0,0.10204802244125459
0,0,0.2258497217405922
1,1,0.9615256765170861
1,1,0.9353775614021296
1,1,0.9846099774855531
0,0,0.006295803659546413
0,0,0.09011061293122286
1,1,0.9758712080612952
1,1,0.937210885840574
0,0,0.29769242818527775
1,1,0.9652486931126188
0,0,0.01907540851349707
1,1,0.9728211800061398
1,1,0.9735456389783353
0,0,0.10841321740755634
1,1,0.9828872335272538
1,1,0.9432864684782346
1,1,0.9559864629356915
0,0,0.021216746722643336
1,1,0.6849294556289058
0,0,0.17866537126870125
1,1,0.7594206206484114
1,1,0.945809462339409
0,0,0.0030220475234567336
0,0,0.29576998724475567
1,1,0.9958018478497794
0,0,0.06405707618395648
1,1,0.9779582914560047
0,1,0.6700528433950338
1,1,0.9273965275455843
0,0,0.03433045518043267
1,1,0.9902525048165953
1,1,0.9774042256667748
0,0,0.05254290232514719
1,1,0.992306040678906
1,1,0.8786700271442728
0,0,0.015640648389395696
0,0,0.01053413731894961
0,0,0.05224425359254262
1,1,0.9708419248216564
0,0,0.02427310849862018
0,0,0.003779533825804215
1,1,0.8259829607683955
0,0,0.13329570482861103
1,1,0.9824799394748042
1,1,0.9939911423057545
1,1,0.9264637474989614
1,1,0.9870191119189069
1,1,0.9797556880653785
1,1,0.9557394769925712
0,0,0.009112800977397436
1,1,0.841848490745281
1,1,0.9824357259454292
0,0,0.021793202019396943
1,1,0.6329235629252467
1,1,0.8588790644952232
1,1,0.9359883595736828
0,0,0.014442055875822634
1,1,0.9637441385719091
1,1,0.9802332683666826
0,0,0.4799030247644509
1,1,0.9684721895362608
0,0,0.026683235214378424
0,0,0.4880901326442606
0,0,0.011392440449220387
1,1,0.9621463100764377
1,1,0.892678348698857
0,0,0.04481823890605611
0,0,0.03906860983132792
1,1,0.792237738517309
1,1,0.9084990845485128
1,1,0.9740094561538963
1,1,0.9043510572926988
0,0,0.007720519127149876
1,1,0.9837055449106544
1,1,0.9608064167801648
1,1,0.9785478297883197
1,1,0.9794193789275297
0,0,0.02592833206894951
1,1,0.9915288388063817
0,0,0.02928052626486219
0,0,0.011896487146899243
0,0,0.023309965148161884
1,1,0.9483730395763127
0,0,0.15381940718648981
1,1,0.9554165278992862
0,0,0.030050479442911237
0,0,0.02503008116197372
1,1,0.9900344008212967
1,1,0.9870805331002058
1,1,0.9370604392182544
1,1,0.9565342522282424
0,0,0.015068315812123709
1,1,0.9294866018122216
0,0,0.02644081066027974
0,0,0.059666420450627845
0,0,0.10573347400767182
0,0,0.005457863099253449
1,1,0.9771623421360048
1,1,0.9879695951273423
1,1,0.8817723937503975
1,1,0.9251187507388302
1,1,0.945225543503655
1,1,0.7697993069171172
0,0,0.14237785705007994
1,1,0.9817818215260276
0,0,0.011739383660448532
0,0,0.020298462229746298
0,0,0.3268243576126044
1,1,0.9980803325441292
1,1,0.9342465961451314
1,1,0.9034949038372112
0,0,0.15482033762938904
1,1,0.9806920420817902
1,1,0.9837767304895065
1,1,0.7508308579132755
0,0,0.0063605391150761866
1,1,0.9881495762530761
0,0,0.0936326278807862
0,0,0.015866702027519927
0,0,0.06499353467286878
1,1,0.9760787340776601
1,1,0.9676943296690658
1,1,0.9148833617798268
1,1,0.902371790767468
0,0,0.0038444251868392375
0,0,0.014064976680500914
0,0,0.005829985683361604
0,0,0.008700701918726982
0,0,0.050447818248536266
0,0,0.08123076368608002
1,1,0.991962371483851
1,1,0.9829304715178433
0,0,0.052241282086071344
1,1,0.9961448765850682
0,0,0.04138023303204178
1,1,0.9128487139328921
1,1,0.979901023642907
1,1,0.9559676671927757
1,1,0.9760484604341796
0,0,0.004185548923690189
0,0,0.01853994107007428
1,1,0.9314827766071084
1,1,0.982501514721341
1,1,0.9789920922088923
1,1,0.9271917445280929
1,1,0.9626104108440919
1,1,0.9960709631349433
1,1,0.939672421161497
0,0,0.0025015051449766347
0,0,0.004656725394816221
1,1,0.9219983265315772
0,0,0.014487421805973321
0,0,0.006096554580239608
0,0,0.055460390409170134
1,1,0.8972875868540763
1,1,0.9467606446140343
1,1,0.9058236241722447
1,1,0.9791079439141103
0,0,0.038638407105616376
1,1,0.9561553358939061
0,0,0.008573003327108749
1,1,0.6069252117749375
1,1,0.8879123289030381
0,0,0.0967950652632145
0,0,0.1024783236167366
1,1,0.9054860569679977
1,1,0.8122839255065213
0,0,0.005277207332836662
0,0,0.03064247089300259
0,0,0.10674211671269193
1,1,0.9015168749996438
1,1,0.9452012600414293
1,1,0.7879166623590045
0,0,0.02342533173561579
1,1,0.9740808777904403
0,0,0.06435918039432721
1,1,0.9812470819975483
0,0,0.012385931089882956
0,0,0.019818332509324996
0,0,0.03765206249801015
0,0,0.08032206532901197
0,0,0.018994925411978517
0,0,0.006925015372058075
0,0,0.03696133074756548
0,0,0.036109233908362175
0,0,0.0070021394184684805
0,0,0.010479693007427786
0,0,0.007279913520539978
1,1,0.9983536596235508
1,1,0.9897144655296246
0,0,0.0039447015958301804
1,1,0.922599681709753
1,1,0.9409102301716461
1,1,0.9884511651293975
0,0,0.4507636374816894
1,1,0.9650982799806966
1,1,0.9897445092969547
0,0,0.00787788304173917
1,1,0.9935997807005946
0,0,0.00936820530434796
0,0,0.02629170767498202
0,0,0.02144903479082516
0,0,0.007514434657849038
0,0,0.49528330962729966
1,1,0.9905713293754207
0,0,0.0055352548069561355
1,1,0.9788335137522084
1,1,0.9702016808360922
0,0,0.07811268539978296
0,0,0.026686286079366132
0,0,0.16514549630317815
1,1,0.9833724777479922
0,0,0.05446507014966932
0,0,0.010202257601692735
1,1,0.9966660911413889
1,1,0.9298479201840526
1,1,0.9768538398006744
0,0,0.005133388978213853
1,1,0.986556043425483
1,1,0.9253238197445912
1,1,0.9102705686161082
1,1,0.9447507420117678
1,1,0.9241993579411881
1,1,0.7870251427712801
0,0,0.19753567758034538
0,0,0.16913811972883164
0,0,0.038544394502329764
0,0,0.004336404145336583
0,0,0.009878706920038704
0,0,0.009037840703991034
1,1,0.9945411200068832
1,1,0.9849574652145242
1,1,0.967947287728874
1,1,0.8708146710778838
1,1,0.8722128160430922
1,1,0.8944247168627574
0,0,0.023879066791912876
0,0,0.0010678195598181255
1,1,0.989482678324356
1,1,0.9950980002344305
0,0,0.039479385011473314
0,0,0.0021416652769429678
1,1,0.8685068025732116
1,1,0.9012943856708023
0,0,0.02906982475754115
0,0,0.004538632043234557
1,1,0.9561235821171034
1,1,0.9888478881382515
0,0,0.022401509522261612
0,0,0.15973113408614056
1,1,0.8545675838900293
1,1,0.9822749402438962
1,1,0.9980782257172561
0,0,0.015566450085361519
0,0,0.011006428491798684
0,0,0.11488023240640968
1,1,0.9853046580037995
0,0,0.019275124140392202
1,1,0.9434904595955799
0,0,0.011310432746376135
0,0,0.010709798674988462
0,0,0.07280907177283309
1,1,0.992238287455225
0,0,0.2228177760768908
0,0,0.0799793478397444
1,1,0.9285664350646394
1,1,0.9637308150208695
0,0,0.002047304517681071
1,1,0.8607405985288367
0,0,0.1197719928506184
0,0,0.01990879718945918
1,1,0.6640612051147514
1,1,0.8305901473300371
1,1,0.9941886087471317
1,1,0.903892160214978
1,1,0.885983670918738
0,0,0.0031304299890361183
1,1,0.7419642642154204
1,1,0.9458620591633242
0,0,0.021025829709180485
1,1,0.9612938862291838
1,1,0.8383838741027412
1,1,0.9585333713890012
1,1,0.9913953062947964
0,0,0.08604622923871008
1,1,0.9934486005716417
1,1,0.7872909103768514
0,0,0.038706692746581894
1,1,0.9811239460442361
0,0,0.014855138930904952
1,1,0.9610978164319589
0,0,0.02043379136270563
1,1,0.9565880867729826
0,0,0.07767616795206059
1,1,0.9674141037769329
1,1,0.7738105896286416
1,1,0.9965827254268235
1,1,0.9920468653771508
0,0,0.0884096137304151
1,1,0.9917706323264737
1,1,0.9663811027883924
1,1,0.9844152500431091
1,1,0.9922357021330998
0,0,0.017998364107707464
1,1,0.9946805543207533
